date,adj_close,stock
2019-01-03,-0.08943895289636339,DAL
2019-01-04,0.04779660693334198,DAL
2019-01-07,0.0012553488289250847,DAL
2019-01-08,-0.00794145338505059,DAL
2019-01-09,0.021066014438946068,DAL
2019-01-10,0.005364139616655272,DAL
2019-01-11,-0.0034885858161802785,DAL
2019-01-14,-0.01668042126470226,DAL
2019-01-15,0.0016754750002165864,DAL
2019-01-16,-0.006899660453152046,DAL
2019-01-17,0.015157966805956935,DAL
2019-01-18,-0.0022811357071448324,DAL
2019-01-22,-0.02099365824702626,DAL
2019-01-23,0.004246252052457322,DAL
2019-01-24,0.004651206115701356,DAL
2019-01-25,0.0035775029363809274,DAL
2019-01-28,0.006709963347520054,DAL
2019-01-29,0.004374083163030784,DAL
2019-01-30,0.04251363639902661,DAL
2019-01-31,-0.01670982586439007,DAL
2019-02-01,0.009912925086657864,DAL
2019-02-04,0.0084134093691981,DAL
2019-02-05,0.003973138319876668,DAL
2019-02-06,-0.00039579674943646115,DAL
2019-02-07,-0.0021773653296053297,DAL
2019-02-08,0.0011903293480475252,DAL
2019-02-11,0.0027738051332886204,DAL
2019-02-12,-0.014226361049670788,DAL
2019-02-13,0.01042288286889037,DAL
2019-02-14,0.0013886662804565297,DAL
2019-02-15,0.011885844231688703,DAL
2019-02-19,0.01448705254909588,DAL
2019-02-20,-0.011192551719050647,DAL
2019-02-21,0.0046837884680763775,DAL
2019-02-22,0.0007771193841290547,DAL
2019-02-25,-0.002135182951298553,DAL
2019-02-26,-0.005640956941241226,DAL
2019-02-27,-0.013497482427185736,DAL
2019-02-28,-0.0099839957788036,DAL
2019-03-01,-0.012505194434466516,DAL
2019-03-04,-0.0034721820873744313,DAL
2019-03-05,0.01906125389162283,DAL
2019-03-06,-0.00020116043418438867,DAL
2019-03-07,-0.002413935681495394,DAL
2019-03-08,0.0,DAL
2019-03-11,0.030853009402920684,DAL
2019-03-12,-0.00880284346609217,DAL
2019-03-13,0.0069074770955475095,DAL
2019-03-14,-0.0015681174678937593,DAL
2019-03-15,0.004907740906830771,DAL
2019-03-18,-0.008790746568198227,DAL
2019-03-19,0.004335755781383899,DAL
2019-03-20,-0.021389308076912084,DAL
2019-03-21,0.008622419646239887,DAL
2019-03-22,-0.010735611901434683,DAL
2019-03-25,-0.014670431715711585,DAL
2019-03-26,0.0012238854938388943,DAL
2019-03-27,0.01792628605724511,DAL
2019-03-28,0.0070040956140127175,DAL
2019-03-29,0.026430919606743597,DAL
2019-04-01,0.01026126605865052,DAL
2019-04-02,0.06036808724307763,DAL
2019-04-03,0.030182518991217933,DAL
2019-04-04,0.0038596372050221373,DAL
2019-04-05,0.008912918049208685,DAL
2019-04-08,-0.00034639237324762817,DAL
2019-04-09,-0.013169304411501548,DAL
2019-04-10,0.015978952866932294,DAL
2019-04-11,0.009160015607484251,DAL
2019-04-12,-0.00582297060488568,DAL
2019-04-15,-0.010335884624026237,DAL
2019-04-16,0.011488215728030715,DAL
2019-04-17,0.005506777688785602,DAL
2019-04-18,-0.004449750873962155,DAL
2019-04-22,-0.007220170839803419,DAL
2019-04-23,0.008484865450584689,DAL
2019-04-24,-0.006696524266481818,DAL
2019-04-25,-0.019706126441568328,DAL
2019-04-26,0.007053486088201888,DAL
2019-04-29,0.010856232259234933,DAL
2019-04-30,0.009700391946439568,DAL
2019-05-01,-0.01311711658629,DAL
2019-05-02,0.008394565447790159,DAL
2019-05-03,0.0024279861658083046,DAL
2019-05-06,-0.0012109820124279747,DAL
2019-05-07,-0.009700362566151144,DAL
2019-05-08,-0.012594041283957802,DAL
2019-05-09,0.0024800298189540104,DAL
2019-05-10,0.0005301924092049326,DAL
2019-05-13,-0.03214410894124109,DAL
2019-05-14,0.008211654457017215,DAL
2019-05-15,-0.00361984956984307,DAL
2019-05-16,0.0059945064359281375,DAL
2019-05-17,-0.00884792352501751,DAL
2019-05-20,-0.011113192572327901,DAL
2019-05-21,0.010132741149116775,DAL
2019-05-22,-0.01404347104213588,DAL
2019-05-23,-0.0011098406259117954,DAL
2019-05-24,0.0022221474813750586,DAL
2019-05-28,-0.004434516436336744,DAL
2019-05-29,-0.012435137360897186,DAL
2019-05-30,-0.0033827860814270583,DAL
2019-05-31,-0.028851558546654665,DAL
2019-06-03,0.011650371422691874,DAL
2019-06-04,0.04241849127945985,DAL
2019-06-05,0.01160008853795369,DAL
2019-06-06,-0.004550380462588488,DAL
2019-06-07,0.0069482318227991335,DAL
2019-06-10,-0.0061739322444703815,DAL
2019-06-11,0.00274071901273909,DAL
2019-06-12,0.010386273851635819,DAL
2019-06-13,0.019296693726821745,DAL
2019-06-14,-0.009377182387012128,DAL
2019-06-17,-0.0057153936017165785,DAL
2019-06-18,0.006466700044216234,DAL
2019-06-19,0.005889731941598475,DAL
2019-06-20,-0.006919813259308016,DAL
2019-06-21,0.00035738308248856043,DAL
2019-06-24,0.0014287481143715475,DAL
2019-06-25,-0.002675274155970464,DAL
2019-06-26,0.008226083999895994,DAL
2019-06-27,0.007804274011227186,DAL
2019-06-28,-0.001232011949953482,DAL
2019-07-01,0.01832590310200244,DAL
2019-07-02,0.012978057065405668,DAL
2019-07-03,0.010420262487086385,DAL
2019-07-05,-0.0076078061202429215,DAL
2019-07-08,0.011413971862930472,DAL
2019-07-09,-0.006905816442814294,DAL
2019-07-10,0.008649944659324893,DAL
2019-07-11,0.011602467912124492,DAL
2019-07-12,0.024767369150153096,DAL
2019-07-15,0.0008109833908453989,DAL
2019-07-16,0.023662856237722574,DAL
2019-07-17,-0.014407872984694592,DAL
2019-07-18,0.0065863839937767565,DAL
2019-07-19,-0.027928561178019784,DAL
2019-07-22,0.006238827644866829,DAL
2019-07-23,0.029368520002663878,DAL
2019-07-24,0.00754541270804987,DAL
2019-07-25,-0.01472455120874161,DAL
2019-07-26,-0.0011248116457224233,DAL
2019-07-29,0.004826287527320394,DAL
2019-07-30,0.0027217212902961307,DAL
2019-07-31,-0.025387191423258404,DAL
2019-08-01,-0.011795550526883192,DAL
2019-08-02,-0.003149824785509847,DAL
2019-08-05,-0.03841683306353205,DAL
2019-08-06,0.01677618620089838,DAL
2019-08-07,0.007654484146868645,DAL
2019-08-08,0.013335454124623336,DAL
2019-08-09,-0.008329124165989521,DAL
2019-08-12,-0.01461450413268428,DAL
2019-08-13,0.0030685064182272015,DAL
2019-08-14,-0.02736231492689123,DAL
2019-08-15,-0.0020967386438695,DAL
2019-08-16,0.016284338198637727,DAL
2019-08-19,0.00258437209645046,DAL
2019-08-20,-0.008764396431763632,DAL
2019-08-21,0.005721266560573035,DAL
2019-08-22,-0.0008619087079376753,DAL
2019-08-23,-0.030365761222516663,DAL
2019-08-26,0.0014234141254101385,DAL
2019-08-27,-0.0024875286966911103,DAL
2019-08-28,0.009618770632369378,DAL
2019-08-29,0.021171633650402866,DAL
2019-08-30,-0.00034557285386616066,DAL
2019-09-03,-0.009851424535304298,DAL
2019-09-04,-0.001047324457841392,DAL
2019-09-05,0.016774405445628693,DAL
2019-09-06,-0.0036087840078723454,DAL
2019-09-09,0.002242139560472811,DAL
2019-09-10,0.009120544644943385,DAL
2019-09-11,0.0023874859037895657,DAL
2019-09-12,0.011228347250805681,DAL
2019-09-13,0.009589406374022946,DAL
2019-09-16,-0.0156639469123816,DAL
2019-09-17,0.005078685695037555,DAL
2019-09-18,-0.0010105806756205427,DAL
2019-09-19,-0.010453646992342414,DAL
2019-09-20,-0.0010222205015159025,DAL
2019-09-23,-0.010404210079971832,DAL
2019-09-24,-0.0003447390113434645,DAL
2019-09-25,0.005344842681451745,DAL
2019-09-26,0.008060309960320922,DAL
2019-09-27,-0.008506266150136166,DAL
2019-09-30,-0.0116678616392496,DAL
2019-10-01,-0.010243005611994316,DAL
2019-10-02,-0.046658508361865025,DAL
2019-10-03,-0.027966802561446125,DAL
2019-10-04,0.01855002564202457,DAL
2019-10-07,-0.008362738916277035,DAL
2019-10-08,-0.0029985741688006717,DAL
2019-10-09,0.013533823748099083,DAL
2019-10-10,-0.015207736039840491,DAL
2019-10-11,-0.0028248207661063507,DAL
2019-10-14,0.0007555152498293083,DAL
2019-10-15,0.01226643288650675,DAL
2019-10-16,-0.008762207202447025,DAL
2019-10-17,0.003761602608653991,DAL
2019-10-18,0.008619109800117597,DAL
2019-10-21,0.013932769503165687,DAL
2019-10-22,0.0012825222311503293,DAL
2019-10-23,-0.00805574757517924,DAL
2019-10-24,-0.0003717017110235199,DAL
2019-10-25,0.015058543541726976,DAL
2019-10-28,0.01043952251272029,DAL
2019-10-29,0.003806457598070745,DAL
2019-10-30,-0.0010834560425938555,DAL
2019-10-31,-0.00433834275561551,DAL
2019-11-01,0.01706607204594257,DAL
2019-11-04,0.015351700061033036,DAL
2019-11-05,0.011075855477337804,DAL
2019-11-06,0.0012172394498197736,DAL
2019-11-07,0.0013893370944242367,DAL
2019-11-08,-0.0013874095149200016,DAL
2019-11-11,-0.006425865490960914,DAL
2019-11-12,0.00017482331633700277,DAL
2019-11-13,-0.012583054935729199,DAL
2019-11-14,0.0008849406749715794,DAL
2019-11-15,0.005305074123927334,DAL
2019-11-18,0.00404577873810652,DAL
2019-11-19,-0.00017522146869963784,DAL
2019-11-20,-0.02453129967176515,DAL
2019-11-21,-0.006466655210278893,DAL
2019-11-22,0.014463938505459906,DAL
2019-11-25,0.004277242953174554,DAL
2019-11-26,0.01969833282061595,DAL
2019-11-27,-0.006787288331279284,DAL
2019-11-29,0.004205364145723145,DAL
2019-12-02,-0.009771406374570857,DAL
2019-12-03,-0.019911916005463715,DAL
2019-12-04,0.007910855003677941,DAL
2019-12-05,-0.0032108516998546888,DAL
2019-12-06,0.004652780408074264,DAL
2019-12-09,-0.006056259967431976,DAL
2019-12-10,-0.00483878226484924,DAL
2019-12-11,-0.008103644368841367,DAL
2019-12-12,0.02923012810650527,DAL
2019-12-13,0.0007056721798379684,DAL
2019-12-16,0.029790172852075303,DAL
2019-12-17,0.004621705509248342,DAL
2019-12-18,-0.0018742020654447522,DAL
2019-12-19,0.009559564675717613,DAL
2019-12-20,-0.002874479142183084,DAL
2019-12-23,0.007970079341707015,DAL
2019-12-24,-0.0008411700496504526,DAL
2019-12-26,0.0028624469572731126,DAL
2019-12-27,-0.008059053777691894,DAL
2019-12-30,-0.007109080747023877,DAL
2019-01-03,-0.07450743759424516,AAL
2019-01-04,0.06586836812599972,AAL
2019-01-07,0.028401916501472835,AAL
2019-01-08,-0.016085029895134273,AAL
2019-01-09,0.030845085476448153,AAL
2019-01-10,-0.041292445511223796,AAL
2019-01-11,-0.007490700729374633,AAL
2019-01-14,-0.00283012917053882,AAL
2019-01-15,0.012298860210530282,AAL
2019-01-16,0.023053003268236782,AAL
2019-01-17,0.022533382838096694,AAL
2019-01-18,0.011614145886069682,AAL
2019-01-22,-0.0362082567504034,AAL
2019-01-23,-0.03329284483313821,AAL
2019-01-24,0.06350712805559766,AAL
2019-01-25,0.03921570995235002,AAL
2019-01-28,0.045454725036540466,AAL
2019-01-29,-0.007656618737554632,AAL
2019-01-30,0.0013777236517420466,AAL
2019-01-31,-0.015685145468617323,AAL
2019-02-01,0.009505208488692185,AAL
2019-02-04,0.018554344559595037,AAL
2019-02-05,0.006815687796343228,AAL
2019-02-06,-0.004603305167127814,AAL
2019-02-07,-0.0160500698109598,AAL
2019-02-08,-0.004700141453930828,AAL
2019-02-11,0.016389019349435152,AAL
2019-02-12,-0.022957119805523285,AAL
2019-02-13,0.012867124462132562,AAL
2019-02-14,-0.002761583522452815,AAL
2019-02-15,-0.02935481947195351,AAL
2019-02-19,0.011982896347154437,AAL
2019-02-20,-0.011558927039828193,AAL
2019-02-21,-0.002281928961556434,AAL
2019-02-22,0.014579793977053113,AAL
2019-02-25,0.01155255538067057,AAL
2019-02-26,0.009749343211991723,AAL
2019-02-27,-0.01544843304065946,AAL
2019-02-28,-0.001680966858063071,AAL
2019-03-01,-0.02778566978738961,AAL
2019-03-04,-0.026558931892282533,AAL
2019-03-05,-0.014531393397904768,AAL
2019-03-06,-0.014143906557945618,AAL
2019-03-07,-0.01648345784434868,AAL
2019-03-08,-0.009621328879961477,AAL
2019-03-11,0.004387376345515337,AAL
2019-03-12,-0.03525742816319288,AAL
2019-03-13,0.029754150126559464,AAL
2019-03-14,0.00910815587780589,AAL
2019-03-15,-0.021786516425473357,AAL
2019-03-18,-0.0015909813672070339,AAL
2019-03-19,0.006692266017259252,AAL
2019-03-20,-0.019943043249000536,AAL
2019-03-21,0.015826859524326498,AAL
2019-03-22,-0.02798089600270981,AAL
2019-03-25,-0.011776274584860302,AAL
2019-03-26,0.0,AAL
2019-03-27,0.024164141227693392,AAL
2019-03-28,-0.0012928311104866141,AAL
2019-03-29,0.02783176876711213,AAL
2019-04-01,0.01857678009221697,AAL
2019-04-02,0.019783681582015378,AAL
2019-04-03,0.021824838709608052,AAL
2019-04-04,0.0065261491039554365,AAL
2019-04-05,0.0038314437157451753,AAL
2019-04-08,-0.005284712958525839,AAL
2019-04-09,-0.016824052851750815,AAL
2019-04-10,0.021314922243599765,AAL
2019-04-11,0.023221647160567294,AAL
2019-04-12,-0.0034473888335299074,AAL
2019-04-15,-0.02709711589416164,AAL
2019-04-16,0.008296275913607376,AAL
2019-04-17,0.010285084553233625,AAL
2019-04-18,-0.0002909934434212058,AAL
2019-04-22,-0.02589451466006898,AAL
2019-04-23,0.014635589214310185,AAL
2019-04-24,0.0005888023205322668,AAL
2019-04-25,-0.017064056475302625,AAL
2019-04-26,-0.010475736904926869,AAL
2019-04-29,0.021476014178747782,AAL
2019-04-30,0.01214092955151913,AAL
2019-05-01,-0.007899298282254219,AAL
2019-05-02,0.0011795986895937194,AAL
2019-05-03,0.024742296844936895,AAL
2019-05-06,-0.001149877661464238,AAL
2019-05-07,-0.021356353511888915,AAL
2019-05-08,-0.004718405168325446,AAL
2019-05-09,0.005925967576446922,AAL
2019-05-10,0.0011782114723062342,AAL
2019-05-13,-0.054427818268264816,AAL
2019-05-14,0.006222850524945978,AAL
2019-05-15,-0.005565823289094385,AAL
2019-05-16,0.0049750016652987394,AAL
2019-05-17,-0.017945467571668816,AAL
2019-05-20,-0.024574665034557297,AAL
2019-05-21,0.010981808978922203,AAL
2019-05-22,-0.04408939661231792,AAL
2019-05-23,-0.014037446858466085,AAL
2019-05-24,-0.011186441966842708,AAL
2019-05-28,-0.015084026800143313,AAL
2019-05-29,-0.01113808567232255,AAL
2019-05-30,-0.00844778833942006,AAL
2019-05-31,-0.033368832638431156,AAL
2019-06-03,-0.0011016317033616385,AAL
2019-06-04,0.07058820295142043,AAL
2019-06-05,0.04258240080395104,AAL
2019-06-06,0.0006586829017967144,AAL
2019-06-07,0.01777489376541097,AAL
2019-06-10,-0.005174615071457778,AAL
2019-06-11,-0.005851812705857662,AAL
2019-06-12,0.017004598427361683,AAL
2019-06-13,0.06398707455492425,AAL
2019-06-14,-0.012390316388397271,AAL
2019-06-17,-0.0036719960572307864,AAL
2019-06-18,-0.001228509768770869,AAL
2019-06-19,0.02121763458085968,AAL
2019-06-20,-0.03191800205779871,AAL
2019-06-21,-0.018040482052190887,AAL
2019-06-24,0.007918893659459858,AAL
2019-06-25,-0.017599054063705433,AAL
2019-06-26,0.00639796551911509,AAL
2019-06-27,0.021932727323593637,AAL
2019-06-28,0.014307889405980045,AAL
2019-07-01,0.008279796325209698,AAL
2019-07-02,-0.020985537597798642,AAL
2019-07-03,0.016464690926357273,AAL
2019-07-05,-0.007946219896281304,AAL
2019-07-08,0.010166547017198102,AAL
2019-07-09,-0.0131137902828391,AAL
2019-07-10,0.017923251666778883,AAL
2019-07-11,0.0027322212432601134,AAL
2019-07-12,0.022706644618406546,AAL
2019-07-15,-0.0050325615572305304,AAL
2019-07-16,0.01814938987367909,AAL
2019-07-17,-0.028053817997255037,AAL
2019-07-18,0.014431881734529695,AAL
2019-07-19,-0.019561261929832874,AAL
2019-07-22,-0.00544155936669255,AAL
2019-07-23,0.025227994687951005,AAL
2019-07-24,0.025496544049461223,AAL
2019-07-25,-0.0844173835046289,AAL
2019-07-26,-0.01357758855865343,AAL
2019-07-29,-0.01600515311524242,AAL
2019-07-30,-0.0009759422301631737,AAL
2019-07-31,-0.006512418130411479,AAL
2019-08-01,-0.021960008344911852,AAL
2019-08-02,-0.013069736562953072,AAL
2019-08-05,-0.031239366471324526,AAL
2019-08-06,-0.002462154853021037,AAL
2019-08-07,0.00952035394893147,AAL
2019-08-08,0.015717865480546545,AAL
2019-08-09,-0.010316378640494284,AAL
2019-08-12,-0.039610914654605645,AAL
2019-08-13,-0.004703260616727212,AAL
2019-08-14,-0.05125410347247672,AAL
2019-08-15,-0.026436769547271033,AAL
2019-08-16,0.014954757043154077,AAL
2019-08-19,0.012020135542587296,AAL
2019-08-20,-0.010344837963009335,AAL
2019-08-21,0.022841641156058357,AAL
2019-08-22,0.004163516775019138,AAL
2019-08-23,-0.04183939403002612,AAL
2019-08-26,-0.009047963053609442,AAL
2019-08-27,-0.029376764983761516,AAL
2019-08-28,0.03599185561579543,AAL
2019-08-29,0.03908408754786641,AAL
2019-08-30,-0.00037997783105570004,AAL
2019-09-03,0.007601679932227157,AAL
2019-09-04,0.018483571367932994,AAL
2019-09-05,0.02555561858310118,AAL
2019-09-06,0.0036114154766770934,AAL
2019-09-09,0.023389658095015697,AAL
2019-09-10,0.023909974232870557,AAL
2019-09-11,0.0219780094382791,AAL
2019-09-12,0.0060484270719582955,AAL
2019-09-13,0.00033396802953977733,AAL
2019-09-16,-0.07278795251975101,AAL
2019-09-17,0.031328693946993225,AAL
2019-09-18,-0.0013965792001604527,AAL
2019-09-19,-0.010489591246332308,AAL
2019-09-20,-0.010954004134539841,AAL
2019-09-23,-0.017506233891829703,AAL
2019-09-24,-0.018181836157105002,AAL
2019-09-25,0.01629638729464622,AAL
2019-09-26,-0.009110832226723264,AAL
2019-09-27,-0.006620087286434817,AAL
2019-09-30,-0.001480971703840761,AAL
2019-10-01,-0.006303306317083313,AAL
2019-10-02,-0.05335822551245717,AAL
2019-10-03,-0.003941627759023403,AAL
2019-10-04,0.022160647048575788,AAL
2019-10-07,0.0,AAL
2019-10-08,0.01664728721985287,AAL
2019-10-09,0.03084542416652236,AAL
2019-10-10,0.0040635058562619175,AAL
2019-10-11,0.006622597520860474,AAL
2019-10-14,0.009502933069917008,AAL
2019-10-15,0.02353362064552944,AAL
2019-10-16,-0.007782144547645808,AAL
2019-10-17,-0.004277971624931376,AAL
2019-10-18,0.010383002183669499,AAL
2019-10-21,0.014174430468121058,AAL
2019-10-22,-0.012578593117880899,AAL
2019-10-23,0.0010615364771326963,AAL
2019-10-24,0.03958996357044642,AAL
2019-10-25,0.04930300544289956,AAL
2019-10-28,0.01620212041372482,AAL
2019-10-29,-0.014030626210823294,AAL
2019-10-30,-0.02037508457866455,AAL
2019-10-31,-0.007593338659180993,AAL
2019-11-01,0.016633416582486182,AAL
2019-11-04,0.012761825669592941,AAL
2019-11-05,0.01069685548243493,AAL
2019-11-06,-0.007055837627178874,AAL
2019-11-07,-0.0022609732838039243,AAL
2019-11-08,-0.004208437761747952,AAL
2019-11-11,-0.005526687890453297,AAL
2019-11-12,-0.03497877162698848,AAL
2019-11-13,-0.029132806393186828,AAL
2019-11-14,0.0038381373203977276,AAL
2019-11-15,0.003128236630161929,AAL
2019-11-18,-0.009008984570355039,AAL
2019-11-19,0.024125891771163976,AAL
2019-11-20,-0.036189852717540716,AAL
2019-11-21,-0.010626941704597104,AAL
2019-11-22,0.026852824322821878,AAL
2019-11-25,0.010808869364344442,AAL
2019-11-26,0.0020697108958713795,AAL
2019-11-27,-0.0034423127825442545,AAL
2019-11-29,-0.0072539273269006666,AAL
2019-12-02,-0.0229645114360173,AAL
2019-12-03,-0.0281338569516566,AAL
2019-12-04,0.003297814503690155,AAL
2019-12-05,-0.005113128733890471,AAL
2019-12-06,0.01798821991660482,AAL
2019-12-09,-0.00865491012147468,AAL
2019-12-10,-0.017824632155994946,AAL
2019-12-11,-0.005185165276492598,AAL
2019-12-12,0.0320178109237268,AAL
2019-12-13,-0.008658032640164293,AAL
2019-12-16,0.01601172000838602,AAL
2019-12-17,0.012893999906963938,AAL
2019-12-18,-0.009900987287813634,AAL
2019-12-19,0.019642786218458275,AAL
2019-12-20,0.017162947526481176,AAL
2019-12-23,0.00895310865463017,AAL
2019-12-24,-0.004095523038408988,AAL
2019-12-26,0.016792327528880158,AAL
2019-12-27,-0.04145603974512291,AAL
2019-12-30,-0.004922695859759685,AAL
2019-01-03,-0.04965550011879316,UAL
2019-01-04,0.033500000000000085,UAL
2019-01-07,0.0066521891630380026,UAL
2019-01-08,-0.010212735424267483,UAL
2019-01-09,0.016751700051652163,UAL
2019-01-10,-0.028533893779037922,UAL
2019-01-11,-0.015976440359723232,UAL
2019-01-14,-0.0019982015736229597,UAL
2019-01-15,0.01614307264957704,UAL
2019-01-16,0.06354684963843038,UAL
2019-01-17,0.004400150481702836,UAL
2019-01-18,-0.013258035814112001,UAL
2019-01-22,-0.026288118999327925,UAL
2019-01-23,-0.005519546701202138,UAL
2019-01-24,0.013875507259007325,UAL
2019-01-25,0.0013090563049988901,UAL
2019-01-28,0.005467066858415359,UAL
2019-01-29,0.012647754436117209,UAL
2019-01-30,0.021010891117331232,UAL
2019-01-31,-0.0022865439317875103,UAL
2019-02-01,0.0025209236571877014,UAL
2019-02-04,0.012915819245989724,UAL
2019-02-05,0.009478627528369588,UAL
2019-02-06,0.0032416834701731734,UAL
2019-02-07,-0.021058484679665757,UAL
2019-02-08,0.003528306356381794,UAL
2019-02-11,0.011114937305544581,UAL
2019-02-12,-0.013236129820838438,UAL
2019-02-13,0.006934193396223698,UAL
2019-02-14,-0.004854368822434618,UAL
2019-02-15,0.0018150424999421322,UAL
2019-02-19,0.010531083920984896,UAL
2019-02-20,-0.008292223404128718,UAL
2019-02-21,0.003841762711864316,UAL
2019-02-22,0.006641197957730771,UAL
2019-02-25,0.0016773118640276419,UAL
2019-02-26,-0.0005581937807948023,UAL
2019-02-27,-0.021557031403518723,UAL
2019-02-28,0.0023972603287045757,UAL
2019-03-01,-0.010135520103302875,UAL
2019-03-04,-0.030027612287796157,UAL
2019-03-05,0.008777191525968453,UAL
2019-03-06,-0.008465619924787227,UAL
2019-03-07,-0.020396074459953173,UAL
2019-03-08,-0.002542052989443655,UAL
2019-03-11,-0.00024277912032089066,UAL
2019-03-12,-0.030711326682859696,UAL
2019-03-13,0.017031947827976124,UAL
2019-03-14,0.0034478389785475017,UAL
2019-03-15,0.0024543380158139616,UAL
2019-03-18,-0.01175173187044376,UAL
2019-03-19,0.007555964044743124,UAL
2019-03-20,-0.01856397927533715,UAL
2019-03-21,0.014656118886230418,UAL
2019-03-22,-0.016913617283950577,UAL
2019-03-25,-0.018962627864974158,UAL
2019-03-26,-0.008064579823428786,UAL
2019-03-27,0.013421099843105022,UAL
2019-03-28,0.0008913663681568984,UAL
2019-03-29,0.015012735750960182,UAL
2019-04-01,0.013662622382334177,UAL
2019-04-02,0.023494422276700178,UAL
2019-04-03,0.017276791734086805,UAL
2019-04-04,0.0052256771458081275,UAL
2019-04-05,0.003190040207821765,UAL
2019-04-08,-0.0038864913962317615,UAL
2019-04-09,-0.0039016551453852077,UAL
2019-04-10,0.003204712166172241,UAL
2019-04-11,0.01455280458658792,UAL
2019-04-12,-0.003032093294460636,UAL
2019-04-15,-0.01134636826169999,UAL
2019-04-16,0.007690499563079767,UAL
2019-04-17,0.0477867805045622,UAL
2019-04-18,-0.01075749687937011,UAL
2019-04-22,-0.00815587911368243,UAL
2019-04-23,0.004682537795398289,UAL
2019-04-24,0.0006820279563257703,UAL
2019-04-25,-0.013290900980244325,UAL
2019-04-26,0.01243381288931844,UAL
2019-04-29,0.01899020880167801,UAL
2019-04-30,-0.008369601513563252,UAL
2019-05-01,-0.010353353473403493,UAL
2019-05-02,0.004207368564763003,UAL
2019-05-03,0.002151534416295675,UAL
2019-05-06,-0.008022587570621464,UAL
2019-05-07,-0.024034639206804376,UAL
2019-05-08,-0.012138200280112033,UAL
2019-05-09,-0.0061436201103926,UAL
2019-05-10,0.007964788113476562,UAL
2019-05-13,-0.03207926604458955,UAL
2019-05-14,0.01681487754356037,UAL
2019-05-15,-0.013181534326478173,UAL
2019-05-16,0.0027930055323133196,UAL
2019-05-17,-0.013078251075847591,UAL
2019-05-20,0.002944760736196317,UAL
2019-05-21,0.015047749328302995,UAL
2019-05-22,-0.013137326586268094,UAL
2019-05-23,-0.011846519730575933,UAL
2019-05-24,-0.0014831664079512086,UAL
2019-05-28,-0.011016202363953509,UAL
2019-05-29,-0.008135193788856188,UAL
2019-05-30,0.002776037854889557,UAL
2019-05-31,-0.02290171104943106,UAL
2019-06-03,0.000901468102988634,UAL
2019-06-04,0.03602671080768527,UAL
2019-06-05,0.01651764840478065,UAL
2019-06-06,0.013561405340535293,UAL
2019-06-07,0.0037367165349171394,UAL
2019-06-10,-0.007205464412350038,UAL
2019-06-11,0.0012096165769834855,UAL
2019-06-12,0.012323354318836133,UAL
2019-06-13,0.039622866217652764,UAL
2019-06-14,0.0001148203407781434,UAL
2019-06-17,-0.004017515931444504,UAL
2019-06-18,0.007260631805715123,UAL
2019-06-19,0.014416498525938293,UAL
2019-06-20,-0.017144201798141134,UAL
2019-06-21,-0.004819807262104847,UAL
2019-06-24,-0.0019603090179852733,UAL
2019-06-25,-0.017215539553476544,UAL
2019-06-26,0.003174277055590702,UAL
2019-06-27,0.012891104819146904,UAL
2019-06-28,0.012958498206641078,UAL
2019-07-01,0.010279771206860966,UAL
2019-07-02,0.004748513445399061,UAL
2019-07-03,0.020254247093926647,UAL
2019-07-05,-0.0008823425803980989,UAL
2019-07-08,0.0008831217963627402,UAL
2019-07-09,-0.013345086872065592,UAL
2019-07-10,0.0005589425504017864,UAL
2019-07-11,-0.00033514690347125065,UAL
2019-07-12,0.01955744234832002,UAL
2019-07-15,0.0009864846765377244,UAL
2019-07-16,0.028471287779237908,UAL
2019-07-17,0.009156739973525063,UAL
2019-07-18,0.005275374607252248,UAL
2019-07-19,-0.015218272619839213,UAL
2019-07-22,0.0,UAL
2019-07-23,0.011723307860528553,UAL
2019-07-24,0.001896144527546495,UAL
2019-07-25,-0.012406697377702613,UAL
2019-07-26,-0.0060683381241350975,UAL
2019-07-29,0.0008569087311813828,UAL
2019-07-30,0.005243985332962664,UAL
2019-07-31,-0.0215053337591824,UAL
2019-08-01,-0.01544996124687359,UAL
2019-08-02,-0.011713979704143562,UAL
2019-08-05,-0.04293865593201396,UAL
2019-08-06,-0.001518834046913664,UAL
2019-08-07,0.011935455323373034,UAL
2019-08-08,0.013297802498919875,UAL
2019-08-09,-0.007417482851220569,UAL
2019-08-12,-0.026097998639986297,UAL
2019-08-13,-0.0017707590812272578,UAL
2019-08-14,-0.03086567007723906,UAL
2019-08-15,-0.0040267725696194745,UAL
2019-08-16,0.016172493892214312,UAL
2019-08-19,0.011454026731274825,UAL
2019-08-20,0.0016688520880778768,UAL
2019-08-21,0.014994668749192863,UAL
2019-08-22,0.003165634855602617,UAL
2019-08-23,-0.03541373388063884,UAL
2019-08-26,0.012722682815008657,UAL
2019-08-27,-0.019621918649870174,UAL
2019-08-28,0.0062240052178663685,UAL
2019-08-29,0.02716804222564151,UAL
2019-08-30,-0.004486999539804137,UAL
2019-09-03,-0.01375870036196647,UAL
2019-09-04,0.009140132071193463,UAL
2019-09-05,0.02300073779045464,UAL
2019-09-06,0.005358888879724688,UAL
2019-09-09,0.011935098078733386,UAL
2019-09-10,0.002633642445124318,UAL
2019-09-11,0.009364995645614549,UAL
2019-09-12,0.011314777482963612,UAL
2019-09-13,0.022040736922378734,UAL
2019-09-16,-0.028352447254569202,UAL
2019-09-17,0.013744941105341635,UAL
2019-09-18,0.002778395106299403,UAL
2019-09-19,-0.008977113743418474,UAL
2019-09-20,-0.003690472012759516,UAL
2019-09-23,-0.009877618582450065,UAL
2019-09-24,0.0010203378417452669,UAL
2019-09-25,0.009852717672048206,UAL
2019-09-26,-0.008074475901636902,UAL
2019-09-27,-0.003504782481790203,UAL
2019-09-30,0.003063365135731466,UAL
2019-10-01,-0.0064473246715383015,UAL
2019-10-02,-0.04724492473792907,UAL
2019-10-03,-0.005018580355631963,UAL
2019-10-04,0.012249357953021178,UAL
2019-10-07,0.006643694309601322,UAL
2019-10-08,-0.001885633515277041,UAL
2019-10-09,0.020899716119973544,UAL
2019-10-10,0.01017808246793983,UAL
2019-10-11,-0.0021753378601024886,UAL
2019-10-14,-0.002065415902113288,UAL
2019-10-15,0.010463332063201936,UAL
2019-10-16,0.020710059878586318,UAL
2019-10-17,-0.0026755630772206107,UAL
2019-10-18,0.007042220065305527,UAL
2019-10-21,0.007659041299102887,UAL
2019-10-22,-0.01178673729661539,UAL
2019-10-23,0.002117969034867606,UAL
2019-10-24,-0.0010011568186617525,UAL
2019-10-25,0.020376361660758624,UAL
2019-10-28,0.006001778764751053,UAL
2019-10-29,-0.012582741889950344,UAL
2019-10-30,0.007030638328360261,UAL
2019-10-31,-0.00905423822524798,UAL
2019-11-01,0.008916843193167878,UAL
2019-11-04,0.008074162398818086,UAL
2019-11-05,0.007901331398434186,UAL
2019-11-06,0.0023624677073947886,UAL
2019-11-07,0.004928294618739892,UAL
2019-11-08,-0.0038379636299158415,UAL
2019-11-11,0.0009631528047269189,UAL
2019-11-12,-0.008660301600131648,UAL
2019-11-13,-0.0032355802066912354,UAL
2019-11-14,0.0010820060827094746,UAL
2019-11-15,-0.00010803069956866196,UAL
2019-11-18,0.002810452863248214,UAL
2019-11-19,0.005605303619876212,UAL
2019-11-20,-0.01704367009278951,UAL
2019-11-21,-0.007960698188463455,UAL
2019-11-22,0.008904012213872603,UAL
2019-11-25,0.00806273706758276,UAL
2019-11-26,0.0025940878489219,UAL
2019-11-27,0.003126358276706487,UAL
2019-11-29,-0.002686727479202733,UAL
2019-12-02,-0.012607822868281549,UAL
2019-12-03,-0.030121074870274267,UAL
2019-12-04,-0.007876729789240478,UAL
2019-12-05,-0.003515901179900305,UAL
2019-12-06,0.0081948667403271,UAL
2019-12-09,-0.010950564214256775,UAL
2019-12-10,-0.012555632775303804,UAL
2019-12-11,0.00589521428978812,UAL
2019-12-12,0.016662882670519963,UAL
2019-12-13,-0.010059895896237236,UAL
2019-12-16,0.011988981228842732,UAL
2019-12-17,0.008236534183793331,UAL
2019-12-18,-0.0058192143484868675,UAL
2019-12-19,0.00427740901744289,UAL
2019-12-20,0.0006724725322522218,UAL
2019-12-23,0.0017921483175644681,UAL
2019-12-24,-0.0032423970652416534,UAL
2019-12-26,0.0012338754630649706,UAL
2019-12-27,-0.009970860184385866,UAL
2019-12-30,-0.004639628675807583,UAL
2019-01-03,-0.05526665948324461,ALK
2019-01-04,0.03234698957778259,ALK
2019-01-07,0.001999980644409316,ALK
2019-01-08,0.00881579770161034,ALK
2019-01-09,0.025226689113044154,ALK
2019-01-10,0.019620428312356664,ALK
2019-01-11,0.011671840738350037,ALK
2019-01-14,0.0034300306420407267,ALK
2019-01-15,-0.0012429694634535915,ALK
2019-01-16,0.009645237612466273,ALK
2019-01-17,-0.007395922608185668,ALK
2019-01-18,0.006830227687284918,ALK
2019-01-22,-0.013876055903463302,ALK
2019-01-23,-0.0039087820801608775,ALK
2019-01-24,0.03249094759124471,ALK
2019-01-25,-0.034964992791824856,ALK
2019-01-28,0.0165406326072981,ALK
2019-01-29,0.0004648278705094988,ALK
2019-01-30,0.0015490618774676168,ALK
2019-01-31,-0.01098056723187446,ALK
2019-02-01,0.006411270624779641,ALK
2019-02-04,0.0018646058956122147,ALK
2019-02-05,0.004032104525537816,ALK
2019-02-06,0.0012358007608570531,ALK
2019-02-07,0.006325267245200772,ALK
2019-02-08,0.000613093263407638,ALK
2019-02-11,0.015780552840930273,ALK
2019-02-12,0.0058824942757886856,ALK
2019-02-13,0.0001499139566625285,ALK
2019-02-14,-0.001949082379978484,ALK
2019-02-15,0.0015101324628414847,ALK
2019-02-19,-0.026538036171603996,ALK
2019-02-20,-0.018897153509324638,ALK
2019-02-21,-0.007578149276032953,ALK
2019-02-22,-0.007317803404407908,ALK
2019-02-25,0.0056090041852498995,ALK
2019-02-26,0.0030278476680205557,ALK
2019-02-27,-0.015252603969806211,ALK
2019-02-28,-0.004517570723204467,ALK
2019-03-01,-0.006320880964261533,ALK
2019-03-04,-0.02952215723380014,ALK
2019-03-05,-0.028907527506183417,ALK
2019-03-06,-0.03374864795563959,ALK
2019-03-07,0.0021492305922579114,ALK
2019-03-08,-0.005898106012385607,ALK
2019-03-11,-0.00359584551390546,ALK
2019-03-12,-0.023998549188251617,ALK
2019-03-13,0.03586618147613119,ALK
2019-03-14,-0.009637609026635796,ALK
2019-03-15,0.0048656613630573275,ALK
2019-03-18,0.0008967730306732591,ALK
2019-03-19,0.005375322710327701,ALK
2019-03-20,-0.01639633393608908,ALK
2019-03-21,0.0005436171891730623,ALK
2019-03-22,-0.017566159249707503,ALK
2019-03-25,-0.011981617032387759,ALK
2019-03-26,0.005783663254134819,ALK
2019-03-27,0.020033362641559638,ALK
2019-03-28,0.003273305808894511,ALK
2019-03-29,0.017219494482685782,ALK
2019-04-01,0.021382776852131302,ALK
2019-04-02,0.014305623471402962,ALK
2019-04-03,-0.006019843309641892,ALK
2019-04-04,0.0005190180332363958,ALK
2019-04-05,0.012452517131316787,ALK
2019-04-08,-0.003587278158176721,ALK
2019-04-09,-0.008400608194316428,ALK
2019-04-10,0.016251749546603023,ALK
2019-04-11,0.015821808137024718,ALK
2019-04-12,0.015407706280974542,ALK
2019-04-15,-0.009401227905433296,ALK
2019-04-16,0.015151496582319401,ALK
2019-04-17,0.0067246385540522535,ALK
2019-04-18,0.004724556805891789,ALK
2019-04-22,-0.022214952487398132,ALK
2019-04-23,0.009784399518790732,ALK
2019-04-24,-0.001477967028716165,ALK
2019-04-25,-0.02680928173388808,ALK
2019-04-26,0.024505562223056332,ALK
2019-04-29,-0.0013195306233118043,ALK
2019-04-30,0.02246444576619333,ALK
2019-05-01,0.0027463437438819405,ALK
2019-05-02,0.004349855974916217,ALK
2019-05-03,0.0022458399000577778,ALK
2019-05-06,-0.0046415252203487745,ALK
2019-05-07,-0.01768773839709703,ALK
2019-05-08,-0.006547679661355277,ALK
2019-05-09,-0.006426140119990431,ALK
2019-05-10,0.016086274778674747,ALK
2019-05-13,-0.018606185928107477,ALK
2019-05-14,0.020788315010447977,ALK
2019-05-15,0.0017921037109340787,ALK
2019-05-16,0.018702184616044004,ALK
2019-05-17,-0.003991025391005487,ALK
2019-05-20,-0.0014507409659278991,ALK
2019-05-21,0.010815177169263057,ALK
2019-05-22,-0.030980503982558583,ALK
2019-05-23,0.01120641912517173,ALK
2019-05-24,-0.012548995555491937,ALK
2019-05-28,-0.008912335959185502,ALK
2019-05-29,-0.012989167818634906,ALK
2019-05-30,-0.008267240989400793,ALK
2019-05-31,-0.009867306728751135,ALK
2019-06-03,0.01494844367714454,ALK
2019-06-04,0.030303029260002834,ALK
2019-06-05,0.012323413493432911,ALK
2019-06-06,-0.010712529478443922,ALK
2019-06-07,-0.006890925456757957,ALK
2019-06-10,0.0018172694000613276,ALK
2019-06-11,0.001978833830866611,ALK
2019-06-12,0.003291693549636543,ALK
2019-06-13,0.019685062940234532,ALK
2019-06-14,0.015443971432261616,ALK
2019-06-17,-0.009505698890410419,ALK
2019-06-18,0.006717832420338077,ALK
2019-06-19,-0.001271046899020467,ALK
2019-06-20,-0.03404383238755726,ALK
2019-06-21,0.022397887551438345,ALK
2019-06-24,0.005476790786952179,ALK
2019-06-25,-0.0076898128790049425,ALK
2019-06-26,-0.0004843500811680945,ALK
2019-06-27,0.0193829318205736,ALK
2019-06-28,0.012676262364877733,ALK
2019-07-01,-0.003129452212803807,ALK
2019-07-02,-0.009731567044955036,ALK
2019-07-03,0.011887842299170392,ALK
2019-07-05,0.0036027387980692716,ALK
2019-07-08,0.009520787560316268,ALK
2019-07-09,-0.015306075297216393,ALK
2019-07-10,-0.011775834847620237,ALK
2019-07-11,0.005878660552965709,ALK
2019-07-12,0.014689569247776646,ALK
2019-07-15,-0.013698593284463323,ALK
2019-07-16,0.032354772631405515,ALK
2019-07-17,-0.024919683636443146,ALK
2019-07-18,0.009093748123676137,ALK
2019-07-19,-0.013517703563616035,ALK
2019-07-22,-0.00976535123500144,ALK
2019-07-23,0.03547002147520262,ALK
2019-07-24,0.007219614522373963,ALK
2019-07-25,-0.026078880192791698,ALK
2019-07-26,0.016598784031273794,ALK
2019-07-29,-0.014633443131108259,ALK
2019-07-30,0.0006253701375333875,ALK
2019-07-31,-0.010154738279120945,ALK
2019-08-01,-0.0034722007178717984,ALK
2019-08-02,0.002058944880590108,ALK
2019-08-05,-0.027659253938172923,ALK
2019-08-06,0.015442167179702482,ALK
2019-08-07,0.010244860816248202,ALK
2019-08-08,0.02250033267573537,ALK
2019-08-09,-0.009297918037476038,ALK
2019-08-12,-0.028468677161039846,ALK
2019-08-13,-0.015134470274144829,ALK
2019-08-14,-0.031714895678995214,ALK
2019-08-15,-0.0035454397755129152,ALK
2019-08-16,0.02270410533835654,ALK
2019-08-19,0.00966503478046632,ALK
2019-08-20,-0.007922071919110985,ALK
2019-08-21,-0.004990803260185528,ALK
2019-08-22,-0.0013375980328563797,ALK
2019-08-23,-0.03013559756590667,ALK
2019-08-26,0.007767975040087638,ALK
2019-08-27,-0.006337805838928512,ALK
2019-08-28,0.012584060925898033,ALK
2019-08-29,0.02076950159617552,ALK
2019-08-30,-0.004002620665805368,ALK
2019-09-03,0.011888791153183975,ALK
2019-09-04,0.02217440927691272,ALK
2019-09-05,0.026226292179756028,ALK
2019-09-06,-0.004732611024671041,ALK
2019-09-09,0.02662864475590143,ALK
2019-09-10,0.003396548177902581,ALK
2019-09-11,0.01292516878793104,ALK
2019-09-12,-0.002278636312587179,ALK
2019-09-13,0.0028929208720063215,ALK
2019-09-16,-0.018369570414275116,ALK
2019-09-17,0.004021030567588513,ALK
2019-09-18,0.00015393983458955596,ALK
2019-09-19,-0.005390396040644174,ALK
2019-09-20,0.006503660193743821,ALK
2019-09-23,-0.005538573942342029,ALK
2019-09-24,0.00015477866018343,ALK
2019-09-25,0.0061871710583087935,ALK
2019-09-26,-0.007378975300937118,ALK
2019-09-27,-0.006039953079980509,ALK
2019-09-30,0.011374281017960897,ALK
2019-10-01,0.0006161967664166657,ALK
2019-10-02,-0.034334063162059336,ALK
2019-10-03,-0.006696465368448257,ALK
2019-10-04,0.019422145924763212,ALK
2019-10-07,0.0070854796062505,ALK
2019-10-08,-0.012195051998368678,ALK
2019-10-09,0.014719865941684285,ALK
2019-10-10,0.012010522664770429,ALK
2019-10-11,0.018495838179762858,ALK
2019-10-14,0.0019672038875742093,ALK
2019-10-15,0.016915875307468298,ALK
2019-10-16,-0.007426065312867713,ALK
2019-10-17,0.0022445402350870225,ALK
2019-10-18,-0.0020903082200794953,ALK
2019-10-21,0.03291448217164916,ALK
2019-10-22,0.0021726916167172927,ALK
2019-10-23,-0.00404686427143075,ALK
2019-10-24,-0.0021766731021186647,ALK
2019-10-25,0.04086666310267062,ALK
2019-10-28,-0.020818753751103203,ALK
2019-10-29,-0.00456619397725988,ALK
2019-10-30,0.008887557905735699,ALK
2019-10-31,-0.013498107721373942,ALK
2019-11-01,0.010370164112891267,ALK
2019-11-04,0.006842398603079447,ALK
2019-11-05,0.01061877542179901,ALK
2019-11-06,-0.00014000804706426617,ALK
2019-11-07,-0.006165125229584234,ALK
2019-11-08,0.003383577225846368,ALK
2019-11-11,0.01039778428800453,ALK
2019-11-12,-0.014879862321434456,ALK
2019-11-13,-0.004517206215274738,ALK
2019-11-14,-0.00155980169752723,ALK
2019-11-15,-0.00042612637260897035,ALK
2019-11-18,0.0004283903171007353,ALK
2019-11-19,0.0001427978283190523,ALK
2019-11-20,-0.02326248947737597,ALK
2019-11-21,-0.006428932926883957,ALK
2019-11-22,0.011176465429386662,ALK
2019-11-25,0.000436302669587052,ALK
2019-11-26,0.009449009249600238,ALK
2019-11-27,-0.0038882712225263294,ALK
2019-11-29,-0.0023131015879700456,ALK
2019-12-02,-0.013041633847438616,ALK
2019-12-03,-0.022023162711612865,ALK
2019-12-04,0.004653927251047296,ALK
2019-12-05,0.005528966670134583,ALK
2019-12-06,0.015306899682254738,ALK
2019-12-09,-0.004830223971718173,ALK
2019-12-10,-0.011031068298984703,ALK
2019-12-11,-0.0074360135400662886,ALK
2019-12-12,0.01423443470489194,ALK
2019-12-13,-0.004136473756518821,ALK
2019-12-16,0.02358685515714143,ALK
2019-12-17,0.01536234016224336,ALK
2019-12-18,-0.014701702470791389,ALK
2019-12-19,0.00246273597431923,ALK
2019-12-20,0.00202305556117488,ALK
2019-12-23,-0.000721011370407143,ALK
2019-12-24,-0.0028864602322559163,ALK
2019-12-26,-0.00028941609854538086,ALK
2019-12-27,-0.01129292704301521,ALK
2019-12-30,-0.008932491432467327,ALK
