date,pct_delay,adj_close
2015-01-07,0.0005545628196438475,-0.01669433246847929
2015-01-08,0.011819009439235917,-0.0040835034327880715
2015-01-09,0.00045177672882491316,-0.019230857625077924
2015-01-12,0.0038162674145937746,-0.06470480665193823
2015-01-13,0.004955774418166991,-0.06075294046655788
2015-01-14,0.003438294605875486,-0.05017309395640135
2015-01-15,0.00021874658208465494,-0.003429044533195813
2015-01-16,0.0,-0.011706139272896765
2015-01-20,0.0,0.06759773590043383
2015-01-21,0.00036898099747862984,0.08621749008392166
2015-01-22,4.384554675396802e-05,0.11604061654123998
2015-01-23,0.0,0.05573475768817171
2015-01-26,0.0018954735443735217,0.03316573819396029
2015-01-27,0.0,-0.0519876979124525
2015-01-28,0.0013914495425609629,-0.0910396472972459
2015-01-29,0.0010261429653953017,-0.05788996645734312
2015-01-30,0.0,-0.06869055460440032
2015-02-02,0.00588423732528536,-0.03753459646531898
2015-02-03,0.0031148169446041786,-0.09073517425143063
2015-02-04,0.0006306334020364844,0.0077423676402677
2015-02-05,0.0005085607730123749,0.00387688041947043
2015-02-06,0.0,0.01573777941379162
2015-02-09,0.00010469925140035249,-0.05733378297943548
2015-02-10,0.0,-0.015570503907968547
2015-02-11,0.0,-0.011630172289823326
2015-02-12,0.00023359755812685904,0.02901330768358923
2015-02-13,0.00047271638592565746,0.007075790214775335
2015-02-17,0.006257761721207038,0.008825567396477219
2015-02-18,0.013674168690979874,0.0298664030408482
2015-02-19,0.00039762063810160005,0.028725380380817622
2015-02-20,0.0027653922040797303,0.06269496538202413
2015-02-23,0.006404259912211269,0.04055987382788051
2015-02-24,0.0016293484286026237,0.03495338091389755
2015-02-25,0.0030930920943226794,-0.02528425113688071
2015-02-26,0.006780826198362603,-0.0381991949444791
2015-02-27,0.06821629155905383,-0.07026390988707742
2015-03-02,0.00029707459699485593,-0.028553990335488444
2015-03-03,0.005317523378766579,-0.011752990900612104
2015-03-04,0.0007286638127334002,0.021920663651481487
2015-03-05,0.014607274287133407,0.0018626613321566232
2015-03-06,0.0056847384241593595,-0.01578822925923562
2015-03-09,0.0018733098666022087,-0.021041863648473935
2015-03-10,0.0,-0.03429728348443106
2015-03-11,0.007962594324336837,-0.012708243786994533
2015-03-12,0.0,0.01585968879747357
2015-03-13,1.5217457467206379e-05,0.053059721380238845
2015-03-16,0.0,0.05971704946111367
2015-03-17,0.0,0.10291720021703266
2015-03-18,0.0,0.09975608281115234
2015-03-19,0.0,0.09896463346924156
2015-03-20,0.0030270079642636728,0.03855443176336171
2015-03-23,0.010389235018305607,0.004987675482835741
2015-03-24,0.0002505441505770345,-0.0228301644131772
2015-03-25,0.002288120080541827,-0.06725245379078804
2015-03-26,0.0,-0.05753663627507466
2015-03-27,0.0,-0.023549155098993357
2015-03-30,0.0,0.03134001586488644
2015-03-31,0.0001722598931988662,0.029451905726652683
2015-04-01,0.027059055895714005,-0.042157313206957814
2015-04-02,0.0,-0.08314672652117805
2015-04-06,0.0,-0.08904880022660289
2015-04-07,0.0009624190869436985,-0.05828687666678789
2015-04-08,0.0009772633572050268,-0.00894659450195423
2015-04-09,0.007543899072260923,-0.004991712499371803
2015-04-10,0.0010143546552731073,0.0048420537864997115
2015-04-13,0.06734212174248141,-0.019491392815286557
2015-04-14,0.0003312668591169372,-0.008779117065880526
2015-04-15,0.00027454336977761985,0.0004189472831253038
2015-04-16,0.0034767626109564174,0.009416320415754464
2015-04-17,0.006661649078418499,0.016237810752729454
2015-04-20,0.005650778743053925,0.04209434535814727
2015-04-21,0.0,0.06467652708108873
2015-04-22,0.0006695316392625809,0.0666113460711315
2015-04-23,0.0002765656689816237,0.033962957790369286
2015-04-24,0.05582436287411937,0.026285249852616932
2015-04-27,0.036442656182812214,0.009143868845203018
2015-04-28,0.0005341544649029096,-0.005053429614949478
2015-04-29,0.007997659221691213,-0.07266213490350049
2015-04-30,0.0006166428664156822,-0.06711017095321192
2015-05-01,0.0,-0.03318524505901288
2015-05-04,0.0013298090656860008,0.0034851909659041613
2015-05-05,0.0,-0.026506570468073143
2015-05-06,0.0,-0.04737815497751641
2015-05-07,0.0014848513569013996,0.0022473923774231075
2015-05-08,0.01846427124559818,0.04318235140324278
2015-05-11,0.0005391980654226986,0.05526054165548433
2015-05-12,0.0008106355382619975,-0.004280717305263471
2015-05-13,0.004071803159212257,-0.01121520226435857
2015-05-14,0.0,-0.016717134017602775
2015-05-15,0.0021296062594649166,-0.003684653147019379
2015-05-18,0.005913144629701435,0.010517579285903356
2015-05-19,0.0015360983102918587,-0.019868687075509706
2015-05-20,0.0016092027276782869,-0.11526614195933893
2015-05-21,0.0005273885713471215,-0.13326544265812823
2015-05-22,0.0,-0.1095089696250221
2015-05-26,0.00523769056001665,-0.03483484739928344
2015-05-27,0.0008092704512974155,-0.005415489873629498
2015-05-28,0.0006496490310722379,-0.015020086536905342
2015-05-29,0.004630545118976996,0.01948953180762314
2015-06-01,0.006783903049463216,0.04592806362359836
2015-06-02,0.0002820266100401473,0.04312618455669037
2015-06-03,0.0002857094838742206,0.017937428318719695
2015-06-04,0.0,-0.04549582834322696
2015-06-05,0.002126821583300512,-0.047053331387319264
2015-06-08,0.0030603462016640633,-0.07581698164496775
2015-06-09,0.005191873589164785,-0.04363280125617519
2015-06-10,0.0014619883040935672,-0.030920456167353283
2015-06-11,0.0005116807112361886,0.004013491309450945
2015-06-12,0.0008194820255121763,0.009422126023512556
2015-06-15,0.0025291555430658986,-0.008904226920293912
2015-06-16,0.016185076810534015,-0.01349287613698591
2015-06-17,0.08181818181818182,-0.020387865359175028
2015-06-18,0.004665920119447555,-0.002246298769488231
2015-06-19,0.002527534811047625,0.05268488583753972
2015-06-22,0.0007361924751730836,0.07898677557088751
2015-06-23,0.002723190113705131,0.06878456222652041
2015-06-24,0.004645888782147188,0.016361752741943958
2015-06-25,0.005423718277464373,-0.01835924019058932
2015-06-26,0.011634735956572119,-0.0301898926734655
2015-06-29,0.0019071158305870865,-0.058948817897168104
2015-06-30,0.0020573546502497095,-0.05445081606348745
2015-07-01,0.0015051712318559804,-0.06370629850254428
2015-07-02,0.005704959704208671,-0.0181132865973066
2015-07-06,0.002260738507912585,-0.005257977247670631
2015-07-07,0.0037588443396226415,0.04819585615222244
2015-07-08,0.004558596319468877,0.007174172687470559
2015-07-09,0.0027276726792784868,-0.0015101103100937374
2015-07-10,0.0002964983544341329,0.013277717633573216
2015-07-13,0.0012922226229114076,0.07911423764339465
2015-07-14,0.002280688678542148,0.06024725693573929
2015-07-15,0.002701226174578123,0.008007613949071457
2015-07-16,0.00097462918405263,-0.024280771162848436
2015-07-17,0.0036394388317552363,-0.015692146189729805
2015-07-20,0.00031228623263837254,-0.02383245982364024
2015-07-21,0.002216091538148433,-0.011838405484516978
2015-07-22,0.0014002617880734224,0.0007246610834605871
2015-07-23,0.00040434899811303803,0.050801536605320274
2015-07-24,0.0012195672794615836,-0.031051592974380204
2015-07-27,0.0013795585412667945,-0.031136898097512078
2015-07-28,0.001215159109895952,-0.03379478768101385
2015-07-29,0.0018786369954026851,0.027756929027435318
2015-07-30,0.006774807751915101,0.0032387169548351302
2015-07-31,0.008867053217073135,-0.025990045261830685
2015-08-03,0.002702213097430633,0.024060808976600567
2015-08-04,0.001560479736055999,0.061336316517052625
2015-08-05,0.0,0.07132182711013746
2015-08-06,0.0007530687551773477,0.01362764492113211
2015-08-07,0.001214265369451482,-0.0269819116773673
2015-08-10,0.0015471064730351019,-0.02753144681902331
2015-08-11,0.008946082128956341,0.012328184914942142
2015-08-12,0.0003595451753531782,0.024825366413264716
2015-08-13,0.0015130882130428205,0.023752418947368126
2015-08-14,0.0027342106844540593,0.004215357564202105
2015-08-17,0.0025222776015707596,0.03363112064702212
2015-08-18,0.003641080135016877,0.0224981793895096
2015-08-19,0.0036754353464246016,0.015158536964730684
2015-08-20,0.013841361425261252,-0.044823651689897326
2015-08-21,0.001508225987657171,-0.08892952547562039
2015-08-24,0.0009710683293000602,-0.13576844290014245
2015-08-25,0.000802778849864917,-0.10671740649340877
2015-08-26,0.007676377621724305,-0.022641819044737055
2015-08-27,0.0006138252329388064,0.03748021966651294
2015-08-28,0.0008078171847571111,0.029866670186467825
2015-08-31,0.002472646349755826,0.0033464043226472118
2015-09-01,0.0035184287479084896,0.004355700601382573
2015-09-02,0.0013446954890157141,0.07483142948114985
2015-09-03,0.001054230876561967,0.048999456617975
2015-09-04,0.006820092803089284,0.035714129980729314
2015-09-08,0.001089080367724783,-0.01710420739441365
2015-09-09,0.0002493376967430263,0.0026902008439830816
2015-09-10,0.0051204915671904504,0.015024777794360178
2015-09-11,0.00027669320871891043,0.033088255610582484
2015-09-14,0.001048708475177877,0.03146328838828749
2015-09-15,0.0,0.034700124886096084
2015-09-16,0.0003065455542827641,0.021589510157778324
2015-09-17,0.005272904177521107,0.040198820262552726
2015-09-18,0.0016550231544104775,0.019934318443549648
2015-09-21,0.0,0.003948049395026354
2015-09-22,0.0012217874420063731,-0.0636509575445654
2015-09-23,0.002132467615137337,-0.051735786122854566
2015-09-24,0.0,-0.06893340561545536
2015-09-25,0.002385890498541956,-0.023063784887810357
2015-09-28,0.0,-0.05237634147509318
2015-09-29,0.0008134181457319949,-0.026583914962778454
2015-09-30,0.0,-0.0350399017002444
2015-10-01,0.0,0.0030705786300135873
2015-10-02,1.5610121602847286e-05,-0.014037799104353876
2015-10-05,0.0,0.03502460134138463
2015-10-06,0.0,-0.027295586665791127
2015-10-07,0.0,0.017602908541977103
2015-10-08,0.0,-0.011196812920738375
2015-10-09,0.01348314606741573,0.11250915041644127
2015-10-12,0.0,0.11523774254385533
2015-10-13,0.0005352277150642273,0.09235046362865584
2015-10-14,0.0,0.03253198091005416
2015-10-15,0.0,0.014142521051194734
2015-10-16,0.0,0.006910638111192746
2015-10-19,0.0,0.014840233484648024
2015-10-20,0.0,0.007422060930386332
2015-10-21,0.0,0.013726969720794013
2015-10-22,0.0043397396156230625,0.03464571183145981
2015-10-23,0.055122671300708186,0.019647212385495605
2015-10-26,0.0,0.048747399507582
2015-10-27,0.0,0.010219478650417058
2015-10-28,3.0124111338715508e-05,0.004160305551220267
2015-10-29,0.00030466441215001676,-0.013126898330220849
2015-10-30,0.07923875948197494,-0.005165590403249154
2015-11-02,0.03482501335447073,0.013301505845088268
2015-11-03,0.009267524710694171,0.016142312685178073
2015-11-04,0.0,-0.010635987974105032
2015-11-05,0.040431390546122076,-0.016605493891831857
2015-11-06,0.0,-0.02494628469244642
2015-11-09,0.0,-0.02147705906351205
2015-11-10,0.0,-0.024342227338630895
2015-11-11,0.0006212558242733525,-0.02095281844700303
2015-11-12,0.0005070760153044761,-0.0167973534493977
2015-11-13,0.0,-0.023376007575381608
2015-11-16,0.000649456080532554,-0.035143121216269946
2015-11-17,0.0013522547708763827,-0.03644668372057658
2015-11-18,0.0008523534425608486,-0.03912566108258586
2015-11-19,7.780163694644136e-05,-0.01237452631051239
2015-11-20,0.0018015521064301552,-0.0023640033256643322
2015-11-23,0.0,0.013173729446844806
2015-11-24,0.0,-0.025295320447475844
2015-11-25,0.0,-0.021089961304782023
2015-11-27,0.0001238850346878097,-0.014420860621196852
2015-11-30,0.00014895360095330305,0.0007274892777562325
2015-12-01,0.0,0.047204096244874094
2015-12-02,0.0007285918025671234,0.05109162441418502
2015-12-03,0.0009010688540889883,0.048715579829049505
2015-12-04,0.0,0.039528385562228596
2015-12-07,0.0,0.044728522318387975
2015-12-08,0.0,0.02958176077145236
2015-12-09,0.004714544045466288,-0.02935289926464868
2015-12-10,0.005945378819190539,-0.036915725904535734
2015-12-11,0.0,-0.05521884911342512
2015-12-14,0.0015373272467723972,-0.04306990701043556
2015-12-15,0.005590977539969883,-0.0337946070925631
2015-12-16,0.0,0.026372118029118763
2015-12-17,0.0009379287174174763,0.016518872400053564
2015-12-18,0.00025694097494825493,-0.035445991462791926
2015-12-21,0.0010974403363422777,-0.018518868399381105
2015-12-22,0.00032531912256785226,0.010362941768899958
2015-12-23,0.010130510176143104,0.05354102854843612
2015-12-24,0.0013835234929476237,0.033254866321565935
2015-12-28,0.027735152031827224,0.007692355350351177
2015-12-29,0.005494791215267546,0.004850966993003913
2015-12-30,0.004845557469849864,-0.023053835770557307
2015-12-31,0.0,-0.020356448006212946
2016-01-04,0.000563879490897374,-0.05954020848398078
2016-01-05,0.0005979124314536105,-0.05327119173075645
2016-01-06,0.0002105740572761436,-0.02644611093057292
2016-01-07,6.407997180481241e-05,-0.011244119169952715
2016-01-08,0.0003830302287456526,-0.003701828167770871
2016-01-11,0.003590863072639838,-0.0036381824057033496
2016-01-12,0.0,0.03831881656250613
2016-01-13,0.002741202009158467,-0.006688281994122525
2016-01-14,0.0,-0.012901651766106137
2016-01-15,0.0033211609897374553,-0.07714284475674282
2016-01-19,0.001618382258684784,-0.030922604465433823
2016-01-20,0.006314003895206383,-0.03674468555699906
2016-01-21,0.0003106508875739645,0.026573871027318896
2016-01-22,0.0030285724174930343,0.03345344284569207
2016-01-25,0.0011652215634531684,-0.004608476781124193
2016-01-26,0.0,-0.003770032241039334
2016-01-27,6.46830530401035e-05,-0.011703097916718197
2016-01-28,0.00014414991591254906,-0.01903279716768691
2016-01-29,0.0,-0.016397406637380207
2016-02-01,0.0034856394807816667,-0.007810606482640203
2016-02-02,0.002021070053152551,-0.02910323279079896
2016-02-03,0.0027636386347312867,-0.03795868131018765
2016-02-04,0.0,-0.029710450238198627
2016-02-05,0.012439807383627608,-0.007561584215559636
2016-02-08,0.001268592813421712,-0.049666470049201106
2016-02-09,1.639021831770799e-05,-0.05028163460930435
2016-02-10,0.0,0.012824212957800896
2016-02-11,0.00018044323419891405,0.026441486249930035
2016-02-12,0.00022904260192395785,0.045040141668879485
2016-02-16,0.005858913315098099,0.04013982653759074
2016-02-17,0.0018015874364770467,0.07810381731713978
2016-02-18,0.0006417323482467544,0.04547851997223806
2016-02-19,0.00029292107404393816,0.02978511409733886
2016-02-22,0.0004806536890170632,0.03812900321375201
2016-02-23,0.0,0.021244401193328155
2016-02-24,0.01671537880529375,0.022635691102447453
2016-02-25,0.000755051458398306,0.012732395221307424
2016-02-26,0.0,0.01213479725416633
2016-02-29,0.0,0.00836220656223241
2016-03-01,0.0007164256871173636,0.01136391763510014
2016-03-02,0.0,0.01761672454365848
2016-03-03,0.0,0.021463473063890515
2016-03-04,7.889546351084812e-05,-0.004781441367393668
2016-03-07,0.006986638799731283,0.012983873911974753
2016-03-08,0.0404335011666462,-0.026504348526391053
2016-03-09,0.0007009903352821859,0.00048059675818779013
2016-03-10,1.5146236917437863e-05,-0.011868113609005526
2016-03-11,0.0007107642984605148,0.04169726930838369
2016-03-14,0.0010521784877325553,0.02256890370465281
2016-03-15,0.0,0.011530236171493735
2016-03-16,0.0,-0.0037673533035821327
2016-03-17,0.014756737419508704,-0.011505220180850761
2016-03-18,0.0002670068531758982,0.03158380905488878
2016-03-21,3.232741202903002e-05,0.0274166487970533
2016-03-22,0.0,0.01567696256387041
2016-03-23,0.0012632723551234488,-0.034990757211504575
2016-03-24,0.005678085405912717,-0.0683229953827198
2016-03-28,0.003876274364590391,-0.043264689996010186
2016-03-29,0.0016008452462900411,-0.013597124458463616
2016-03-30,0.042638812859700254,0.021728275782528783
2016-03-31,4.6879394943275935e-05,0.0024444847710556328
2016-04-01,0.0015976567700705631,-0.044256391769707526
2016-04-04,0.00022491405070205315,-0.04857413292234958
2016-04-05,0.0,-0.050719102304432995
2016-04-06,0.0,-0.01568834018485732
2016-04-07,0.0,-0.02565372095490226
2016-04-08,6.275986506629011e-05,-0.011045764140044323
2016-04-11,0.0009738678785911378,-0.004370179527907525
2016-04-12,0.0,0.021636871594248985
2016-04-13,0.0,0.03740278100259187
2016-04-14,0.0001146281952609429,0.0630001934624771
2016-04-15,0.001538130757653441,0.0438886086401169
2016-04-18,0.0038596834082470196,0.024536464427358684
2016-04-19,0.0,0.00412911876739086
2016-04-20,0.0,0.008555352329616017
2016-04-21,0.0002235850261913888,-0.02223820724546932
2016-04-22,1.611473692691967e-05,-0.07571343024847621
2016-04-25,6.478467194661743e-05,-0.1032474120654121
2016-04-26,0.005937044919905903,-0.07723079566650815
2016-04-27,0.0009923651903900636,-0.039256696101628075
2016-04-28,0.001702682919066866,-0.027838125950349846
2016-04-29,0.05134696723920986,-0.06040080613476473
2016-05-02,0.009867655500907638,-0.05939696460839938
2016-05-03,0.0,-0.03586385042954032
2016-05-04,0.01708690330477356,-0.03989612715894619
2016-05-05,0.0,-0.047052052288627966
2016-05-06,0.0,-0.044823800201665875
2016-05-09,0.0008231330884258342,-0.008130073403963656
2016-05-10,0.0015708400788625836,0.029259485913243344
2016-05-11,0.0010255742401797197,-0.0051467750148727065
2016-05-12,0.0013597953831709134,-0.0488766731647291
2016-05-13,0.0,-0.06692348948636517
2016-05-16,0.0,-0.022519774393442993
2016-05-17,0.00023985033339196343,0.04181294421727988
2016-05-18,0.001135754172319147,0.03490973122078467
2016-05-19,0.014701326062709134,0.0009339425108803034
2016-05-20,0.0,-0.019301514247190732
2016-05-23,0.0005235020702127322,-0.02698553564644457
2016-05-24,0.0017544144641725825,0.0
2016-05-25,0.0035044485694168855,0.00499847996017988
2016-05-26,0.0352556651122082,-0.006933725550961722
2016-05-27,0.008503641061780597,-0.01555198295647564
2016-05-31,0.036704106192108524,-0.008081901100322475
2016-06-01,0.012685466377440347,0.01396401137143477
2016-06-02,0.0051692157995560555,0.0006320277082207948
2016-06-03,0.001637242636269558,-0.034471994233661984
2016-06-06,0.00021835082739367093,-0.021596205844584326
2016-06-07,0.00017219247988478758,0.021787207696037036
2016-06-08,0.0006777417016045141,0.055176766597896165
2016-06-09,3.119784110939523e-05,0.06845778556224413
2016-06-10,0.0009867802769250047,0.024103854567128602
2016-06-13,0.012027753744889477,-0.02183935436138773
2016-06-14,0.0033329594436521544,-0.09101766689227653
2016-06-15,0.007229484958261144,-0.07996381472955649
2016-06-16,0.003289525707327102,-0.08364779929779387
2016-06-17,0.0021296398542379833,-0.033596975446892885
2016-06-20,0.000611315776773218,-0.025582318784243996
2016-06-21,0.006834222208028614,0.030198985374310983
2016-06-22,0.0015933305436636946,0.018745602722841648
2016-06-23,0.0018125124802236456,0.0208684841083997
2016-06-24,0.0,-0.09893407669304288
2016-06-27,0.024780072825701674,-0.1545666951610244
2016-06-28,0.021525584333543905,-0.11737556255885728
2016-06-29,0.000667355207754032,0.024029763716876262
2016-06-30,0.0035215879160057626,0.12030084011737419
2016-07-01,0.004624076990881898,0.09562944493820491
2016-07-05,0.005656719738138367,0.04440415279319421
2016-07-06,0.002982706647628114,0.0014128939140145569
2016-07-07,0.0035117691723614273,0.0023865413669477142
2016-07-08,0.0034703138985286495,0.03836869922246278
2016-07-11,0.00205819955036256,0.09911825327880197
2016-07-12,0.0019686914552440224,0.1789115867284885
2016-07-13,0.003284438775510204,0.14680414493758454
2016-07-14,0.004622424924115191,0.15147629910213523
2016-07-15,0.016382405745062837,0.035487754730566534
2016-07-18,0.007840791006707183,0.045863695007746674
2016-07-19,6.377449339136812e-05,0.003623012928489544
2016-07-20,0.0011991941415368872,0.0008358960452761188
2016-07-21,0.00858438092788477,-0.02969741384102975
2016-07-22,0.002924255427354502,0.009719488988887637
2016-07-25,0.010593967368657243,-0.003340617814121649
2016-07-26,0.0011088790678987544,0.045480507975294016
2016-07-27,0.03599505484055031,-0.004400304886791329
2016-07-28,0.006326282829573775,0.015083428853383873
2016-07-29,0.003719689241152005,-0.028728007942284917
2016-08-01,0.002514172244819524,-0.016574699502403645
2016-08-02,0.009801890250705258,-0.07787562696887007
2016-08-03,0.0,-0.054078362777937095
2016-08-04,0.00261357156434138,-0.05391821200418134
2016-08-05,0.00022020542019912862,0.030829227824913596
2016-08-08,6.1875444729759e-05,0.025985540744009494
2016-08-09,0.007441701493001072,0.030077370825459804
2016-08-10,0.0008488430583501006,-0.0075493627997883506
2016-08-11,0.0010834916696763658,0.017758463548686265
2016-08-12,0.03762107359464108,0.009540271878478057
2016-08-15,0.004220681338558939,0.049444099520747464
2016-08-16,0.008788956350253885,0.05120122917895786
2016-08-17,0.011486799444187124,0.04810992051011764
2016-08-18,0.01920768307322929,0.022302707281847578
2016-08-19,0.04315811724915445,-0.007074831529751968
2016-08-22,0.007560655059879798,-0.016393193087913982
2016-08-23,0.0,-0.00736288421135356
2016-08-24,0.002349030825037153,0.004384650221508579
2016-08-25,0.0018289967555187988,0.01999991527474454
2016-08-26,0.00719641537045698,-0.004670473109281148
2016-08-29,0.015048330404217927,-0.013097008194005388
2016-08-30,0.0012591815320041973,0.008986731856636565
2016-08-31,0.0005946832106464367,0.0019321297683112526
2016-09-01,0.004393554114443057,0.0019355645895797746
2016-09-02,0.0,-0.014034868817014878
2016-09-06,0.0007231371002202282,0.01818170957799148
2016-09-07,0.00027771424837455484,0.06926058739493235
2016-09-08,0.0,0.0771966934897137
2016-09-09,0.00040093015796648226,0.041396289743292014
2016-09-12,0.0,-0.01058064657766633
2016-09-13,0.00022750910036401455,-0.05031783346214691
2016-09-14,0.0006702305912391287,-0.054559827788853155
2016-09-15,0.0011767290071545123,-0.05033913239504961
2016-09-16,0.0009149996844828674,-0.05030725611253706
2016-09-19,0.006508751194080598,-0.026105799912505057
2016-09-20,0.006588604216706699,-0.03460591290211046
2016-09-21,0.0010811519182256004,-0.023105537160848066
2016-09-22,0.0005954680056649929,-0.0053613503974313526
2016-09-23,0.0008978531689406936,0.01137965596548196
2016-09-26,0.008631434625451826,0.007499401527302441
2016-09-27,0.0009240377262299261,0.021276868140508443
2016-09-28,0.0001440899121051536,0.008157702805458023
2016-09-29,0.0029716029175737737,0.02547956700133036
2016-09-30,0.0051503518873960335,0.016944215364452342
2016-10-03,0.0,0.05189724510408089
2016-10-04,0.0,0.05053032578375882
2016-10-05,0.0,0.03441666670445076
2016-10-06,0.0009015326054292297,0.012466957006545654
2016-10-07,0.0011584178362769458,0.002657344758818292
2016-10-10,0.0,0.026934562635557935
2016-10-11,0.0,0.0007859033269055349
2016-10-12,0.0,-0.009276084471233625
2016-10-13,0.0008963673533574462,0.008999824334722684
2016-10-14,0.005037427616402241,0.011780080113039881
2016-10-17,0.0,0.03210264814229036
2016-10-18,0.0,0.002803077129460929
2016-10-19,0.001223770518552361,0.051228936699198924
2016-10-20,0.0005571892895836558,0.052099326715582484
2016-10-21,0.0,0.01397729020888927
2016-10-24,0.0015916398713826366,-0.01968973664746798
2016-10-25,3.3380065424928234e-05,-0.02217280358051177
2016-10-26,0.0,-0.014536550374437018
2016-10-27,0.0,0.002008588634775599
2016-10-28,6.570410157854104e-05,0.009322275505752708
2016-10-31,0.0,0.03255328631763943
2016-11-01,0.0,-0.0027563056473733916
2016-11-02,0.0005912054199156334,-0.008736792652020764
2016-11-03,0.00033555438377834234,-0.02760042635719051
2016-11-04,0.0,0.001013236300098308
2016-11-07,0.0026357888321779537,0.04746250607357538
2016-11-08,0.0,0.05891328838638832
2016-11-09,0.0008896797153024911,0.06718679642490222
2016-11-10,0.0,0.01952277998121521
2016-11-11,0.0,0.029496330624774858
2016-11-14,0.0,0.023343599661091785
2016-11-15,0.0,0.05815608725661359
2016-11-16,0.0,0.035406464708758634
2016-11-17,0.0,0.05599070876231793
2016-11-18,0.0004539051494756613,0.033511998857884695
2016-11-21,0.0,0.0366703210051984
2016-11-22,0.0,0.005454708933463559
2016-11-23,9.938052804187233e-05,0.001729408321293091
2016-11-25,0.0,0.01605915151800419
2016-11-28,0.015833596508857052,0.009114697872238509
2016-11-29,0.0,0.011868678257541676
2016-11-30,0.0005224660397074191,-0.008116352764176993
2016-12-01,0.0,-0.016128967647883186
2016-12-02,0.0,-0.016847894586432544
2016-12-05,0.003263327948303716,-0.015503769043343718
2016-12-06,0.0009432344366317955,0.014863509623793902
2016-12-07,0.0005987625573814117,0.05531463417470217
2016-12-08,0.00041613982298052145,0.05096228330382435
2016-12-09,0.004621643612693247,0.06913615236582538
2016-12-12,0.0015973643488244396,-0.02178840635791901
2016-12-13,0.0016238761067997676,-0.0043702763489832375
2016-12-14,0.0008224766416633768,-0.03464951506689318
2016-12-15,0.0010864277606615859,0.01491935044588888
2016-12-16,0.002047033413387921,-0.004389481131285677
2016-12-19,0.0012993762993762994,0.01377302189148244
2016-12-20,0.0005491305433064315,0.0190472829772681
2016-12-21,0.00035936555644489456,0.03863086664998483
2016-12-22,0.002020430594168229,0.0022641431943772883
2016-12-23,0.005567594071777676,-0.015034319177093192
2016-12-27,0.0,-0.01738405343881755
2016-12-28,0.0007579178223569632,-0.02094878046385562
2016-12-29,0.00017643190530418465,-0.02537139602350036
2016-12-30,0.0,-0.03949825715433175
2017-01-03,0.0,-0.02873915268873173
2017-01-04,0.0014198376373901714,-0.011640119028697882
2017-01-05,0.03498184672750466,-0.017134211894362816
2017-01-06,0.0031461179152153327,-0.001943866988010745
2017-01-09,0.004560358171196511,0.008137208310928568
2017-01-10,0.002902808998707896,0.05643933236985821
2017-01-11,0.008043343756793365,0.052586204599207376
2017-01-12,0.002388753490323934,0.02166500758237566
2017-01-13,0.00021905119539366628,-0.01712053466034169
2017-01-17,3.334889615153738e-05,-0.038856926138988945
2017-01-18,0.001352562535647356,-0.009563210477483985
2017-01-19,7.959882193743533e-05,-0.008184659544015482
2017-01-20,0.0024859079105706504,0.026737708087416046
2017-01-23,0.0005178923452170136,-0.014693701061390563
2017-01-24,0.0002910958904109589,0.005924753136745897
2017-01-25,0.0,-0.0018748494496733104
2017-01-26,0.0007245676746208096,0.05645507199345334
2017-01-27,0.0,-0.012410696646048547
2017-01-30,0.0,-0.06282617104493182
2017-01-31,0.0,-0.10768305582349957
2017-02-01,0.0011354777480256245,-0.06176781092025074
2017-02-02,0.00035659869679385354,-0.01982197392420626
2017-02-03,0.0,-0.00112976441994872
2017-02-06,0.004977893698908998,0.02837676191154559
2017-02-07,0.0,0.026357707052617974
2017-02-08,0.00023336833858412096,0.019457021530727703
2017-02-09,0.0010249839846252402,0.024348501518827392
2017-02-10,0.0,0.03062488858633583
2017-02-13,0.0006541184935651093,0.0544928252499024
2017-02-14,0.0,0.00583143758720861
2017-02-15,0.00041683340002667734,0.023465799588463288
2017-02-16,0.0,-0.009280734980755989
2017-02-17,0.0011360553445469344,0.007300947203719321
2017-02-21,0.0005235784844148137,-0.01535533387417698
2017-02-22,0.0039649986327590925,-0.013838781007398104
2017-02-23,0.00045054064877853424,-0.017267263284769352
2017-02-24,0.0002113546205371659,-0.011322504138168377
2017-02-27,0.0,0.0
2017-02-28,0.00032126965768717973,0.005639903437273608
2017-03-01,0.0010931421406295213,0.017502142783724528
2017-03-02,0.0,-0.012953268256805539
2017-03-03,0.0,0.009922549011616155
2017-03-06,0.0,-0.03779989663165728
2017-03-07,0.0003713450764486494,-0.01924776025992625
2017-03-08,0.00202883251410286,-0.041221777607299726
2017-03-09,1.586294416243655e-05,-0.04369886265063516
2017-03-10,0.00012819485618139573,-0.02096325421543166
2017-03-13,0.0014539248068018396,-0.056137292306217335
2017-03-14,0.003476849973923625,-0.04892688441847026
2017-03-15,0.0008688867610029435,-0.04123012907212442
2017-03-16,0.0,-0.005664317015568576
2017-03-17,0.0002912150137518201,0.012375759395860442
2017-03-20,0.0006018355985756557,-0.009265584827654827
2017-03-21,0.0,-0.04058874809844659
2017-03-22,0.0,-0.03283803444802935
2017-03-23,0.0003759152719665272,-0.006954659307763955
2017-03-24,0.0042573466125660885,0.03240987643686544
2017-03-27,0.0,0.034448297281502116
2017-03-28,0.0,0.028737089283588757
2017-03-29,0.0017592441765759896,0.005511449029290683
2017-03-30,0.0011789215290450735,0.019166492638342136
2017-03-31,0.001787106836495971,-0.007042210336342669
2017-04-03,0.002586696038182971,0.011677950654670921
2017-04-04,0.0010123305176162106,-0.03855191632255239
2017-04-05,0.010457922817583712,-0.023404430551790978
2017-04-06,0.0028429403152769738,-0.017196621519116717
2017-04-07,0.0008342271481349065,0.022249434682676927
2017-04-10,0.0064867259437395184,0.02444940339573476
2017-04-11,6.70263748785147e-05,0.05297200368131749
2017-04-12,0.0,0.051422913909966894
2017-04-13,0.0,0.024338348364862483
2017-04-17,0.03893645626945938,0.006829075465836665
2017-04-18,0.0,-0.0034122781036248773
2017-04-19,0.0,0.024221365429775377
2017-04-20,0.0014137449271505555,0.022383167908157864
2017-04-21,0.0008740147470124587,0.03058675562549884
2017-04-24,0.0,0.045945940037797506
2017-04-25,0.0,0.030738360920938845
2017-04-26,0.0017922555693555742,0.02768562644587491
2017-04-27,0.0,-0.05297146770058536
2017-04-28,0.0021063888393797496,-0.08560387982818629
2017-05-01,0.0,-0.09310362514949899
2017-05-02,0.0,-0.0025012992481734386
2017-05-03,0.005512052817442039,0.03050215271434098
2017-05-04,0.0004315352697095436,0.043488718164825135
2017-05-05,0.00044941575951263355,0.014588610005186409
2017-05-08,0.0,0.023223920675676135
2017-05-09,0.0003265146196920967,0.07219324522581094
2017-05-10,0.001215642316982681,0.06268258714823571
2017-05-11,0.0032492581602373886,0.035603096453276084
2017-05-12,0.0,-0.024454446991320378
2017-05-15,3.325518365175172e-05,-0.010982701016343466
2017-05-16,0.001023438417529319,0.010766647312214106
2017-05-17,0.0,-0.019856237484582318
2017-05-18,0.0,-0.043487662614365985
2017-05-19,0.002405686167304538,-0.0366425874234918
2017-05-22,0.001074354986129596,0.028717731135172953
2017-05-23,0.0006656839903000333,0.04501685521068621
2017-05-24,0.0016858990097389313,0.03427674635451505
2017-05-25,0.004856915858429897,0.03916921540654883
2017-05-26,0.0,0.04457800977819071
2017-05-30,0.0014329415553051038,0.02544384203019212
2017-05-31,0.0015280541185833665,0.008121518551482909
2017-06-01,0.005580555391082953,0.006360064915929886
2017-06-02,0.05719781332253493,0.03252721041603901
2017-06-05,0.004690106707796909,0.02747373933427344
2017-06-06,0.015885363994212188,0.014067364699479779
2017-06-07,0.00575688481379065,0.02705974678738321
2017-06-08,0.0024072568431456947,0.033976658489942135
2017-06-09,0.025720571708953924,0.010655406922860822
2017-06-12,0.0,-0.027133408614946175
2017-06-13,0.00550470460218908,-0.03849887711057509
2017-06-14,0.006900665882011512,-0.0175055346378713
2017-06-15,0.008901887455850153,-0.0074777237616298065
2017-06-16,0.004332755632582322,-0.013346899862111572
2017-06-19,0.029448955651365804,0.005466707187063324
2017-06-20,0.0,-0.021991458356398152
2017-06-21,0.0007286205312594048,-0.007378635626480778
2017-06-22,6.220549585555883e-05,-0.013894422151637054
2017-06-23,0.0015973202239349907,0.012492174693176095
2017-06-26,0.0009940203463539644,0.007226930366225348
2017-06-27,0.0008543357539513029,-0.009597755394912144
2017-06-28,0.0014298107508916235,0.012749264423954854
2017-06-29,0.002026135578312496,0.017220340111459675
2017-06-30,0.01150641071454096,0.037525608343954575
2017-07-03,0.0019093160864180542,0.02314717729147109
2017-07-05,0.010332360104685112,0.033051113311019176
2017-07-06,0.006438955681875346,0.03438002198817691
2017-07-07,0.0011655736176296894,0.052391299733914876
2017-07-10,0.005534622660683854,0.027311739854278372
2017-07-11,0.003003620152710372,-0.008453293900306025
2017-07-12,0.01127283105022831,0.014520174826835763
2017-07-13,0.004689611318655115,0.021838222969227994
2017-07-14,0.003067579232951042,0.05057162447197361
2017-07-17,0.010145268943855517,0.001301100721749826
2017-07-18,0.005025924865604224,-0.012265456853941092
2017-07-19,0.0017272814509164188,-0.02969384864176261
2017-07-20,0.006609562569999842,-0.02840172734953772
2017-07-21,0.006801757120589486,-0.023330173412834054
2017-07-24,0.0020767905987235337,-0.025280433916817113
2017-07-25,0.0017339370002889896,-0.03305322179580972
2017-07-26,0.0007618563900704717,-0.017337716390732782
2017-07-27,0.001650421947497898,-0.024960958475087502
2017-07-28,0.0021826342243194637,-0.0023708868394047844
2017-07-31,0.0005102203514142671,-0.011174345600995839
2017-08-01,0.004319586328666919,0.021200060170951662
2017-08-02,0.00945309331419836,-0.00079230300870059
2017-08-03,0.0051557769929364275,0.0021809627546223176
2017-08-04,0.005627401939852376,-0.005092236335765943
2017-08-07,0.00503890216259266,0.002576832548649266
2017-08-08,7.844121615261523e-05,-0.010880348775128668
2017-08-09,0.0008406485927219231,-0.02755891266513988
2017-08-10,0.0019867128643631395,-0.03818743709683303
2017-08-11,0.0027246278650924372,-0.03103856710709596
2017-08-14,0.007006508267679756,-0.009939148284551447
2017-08-15,0.00279561154002438,-0.000617896362673398
2017-08-16,0.001393602544554293,0.0012409896715055435
2017-08-17,0.004029581139707585,-0.05695568800499906
2017-08-18,0.005090436477851186,-0.061211828620391984
2017-08-21,0.013526989641639323,-0.05577364064639767
2017-08-22,0.0036372262196568356,-0.013469416804208212
2017-08-23,0.000413444606079167,-0.034687087752154566
2017-08-24,0.00603708495040966,-0.06103710048246691
2017-08-25,0.0015773588339678159,-0.003523365591489469
2017-08-28,0.008045197740112994,0.022287664381390293
2017-08-29,0.000881667611310536,0.0382107941713703
2017-08-30,0.0,-0.020552437612262664
2017-08-31,0.0007801505231597625,-0.004671567550187383
2017-09-01,0.004231660231660232,0.016831365253580532
2017-09-05,0.0005255452532001952,-0.009025370469302518
2017-09-06,0.001683096898292859,-0.00961131957931216
2017-09-07,0.00885756464593552,-0.03244337090462979
2017-09-08,0.01208379417930898,-0.007285770105733946
2017-09-11,0.0014583255431327824,0.034980961452342196
2017-09-12,0.0,0.05588511400165208
2017-09-13,0.0012235326105427726,0.07798147882746931
2017-09-14,0.0004438672343783393,0.0071957655396786
2017-09-15,0.00021490445017522978,-0.0062647712153007795
2017-09-18,0.0015572573006469841,-0.03595733683955482
2017-09-19,0.0008836720742951465,-0.03918591624036538
2017-09-20,0.0,-0.012608800235135886
2017-09-21,0.0,0.021628641615418998
2017-09-22,0.0008639883029275911,0.06038741015016713
2017-09-25,0.0,0.05019825065824146
2017-09-26,0.0008085299914093689,0.027867893987130632
2017-09-27,0.0,-0.00446243884371067
2017-09-28,0.0,-0.004402478697834944
2017-09-29,0.00010960620057934706,-0.0018915443679183852
2017-10-02,0.00019497928345113332,0.018783324900749854
2017-10-03,0.009283669475488848,0.06359233315402846
2017-10-04,0.0030917553191489363,0.06822466884390277
2017-10-05,0.0005415478712390297,0.05929199078742675
2017-10-06,0.0,0.015640303155968205
2017-10-09,0.0005817959121181965,-0.002562388494701362
2017-10-10,0.0008001698319643353,0.0488529167989844
2017-10-11,0.0016886858051057912,0.029824761031164604
2017-10-12,0.0,0.040513805619105225
2017-10-13,0.0,-0.0062231422790843816
2017-10-16,0.00040626269570924093,-0.010600259404987877
2017-10-17,0.0,-0.011016157703119589
2017-10-18,0.0,-0.012713326918318502
2017-10-19,0.0,-0.01453981399399562
2017-10-20,3.163655920782056e-05,-0.002688744712972757
2017-10-23,0.0008911959223877797,-0.02018067518793376
2017-10-24,0.00019567556990509734,0.00854212777054597
2017-10-25,0.0,-0.01752354227392272
2017-10-26,0.0,-0.046488681163208034
2017-10-27,0.005248393810514886,-0.08450440227708877
2017-10-30,0.0006700115304309888,-0.07389256141983525
2017-10-31,0.0,-0.03682378680678522
2017-11-01,0.0,0.005887272722948866
2017-11-02,0.0,0.0023278890430049604
2017-11-03,0.01997308043380726,0.013455697708147474
2017-11-06,0.0003913361577595154,-0.006898034168050904
2017-11-07,0.0,-0.019003205734585804
2017-11-08,0.0002722352112224962,-0.02276070255871343
2017-11-09,0.0,-0.036623961169751196
2017-11-10,0.0007552038263660536,-0.011615955087169172
2017-11-13,0.0,-0.011426356623870482
2017-11-14,0.0,0.003065509159043911
2017-11-15,0.0,0.02989968271489296
2017-11-16,0.0,0.0424134924202868
2017-11-17,0.0,0.03449032252400319
2017-11-20,0.0,0.01059535402266265
2017-11-21,6.645622196378135e-05,0.0203440629002134
2017-11-22,0.0,0.026798947447409294
2017-11-24,0.0,0.01824285004976245
2017-11-27,0.000693950177935943,-0.0047278310556763126
2017-11-28,0.0,0.011508530517073678
2017-11-29,0.0,0.014209233305672031
2017-11-30,0.0,0.04275101739476628
2017-12-01,0.0,-0.004469757533976715
2017-12-04,0.0008051961994739384,0.013807190270934466
2017-12-05,0.0,-0.02020203005448229
2017-12-06,0.0,0.012448929663916086
2017-12-07,0.010443210440264541,0.01902665946232296
2017-12-08,0.041318301139553586,0.031332149899155226
2017-12-11,0.0008459506586330128,0.0340657166183127
2017-12-12,0.0,-0.008058313945918383
2017-12-13,0.0005145399017394769,-0.018228094049425714
2017-12-14,0.004125660105616899,-0.021247641067644873
2017-12-15,0.005348539097378774,0.011690133065741959
2017-12-18,0.0,0.027949531506225922
2017-12-19,0.007807969220759014,0.024497085944529262
2017-12-20,0.00776200498559551,0.01684273138774839
2017-12-21,0.0018115121597753726,0.025247721665264677
2017-12-22,0.0,0.022356343208191243
2017-12-26,0.0011051539001478517,0.017912363637053508
2017-12-27,0.0,-0.00738782463380061
2017-12-28,0.0005271163722345216,-0.0024719994253350475
2017-12-29,0.002305293133842607,-0.015515664049528866
2018-01-02,0.0009206787624807531,0.011259639384055387
2018-01-03,0.0004579653254824992,-0.002287360410728523
2018-01-04,0.009657354866870362,0.012300609821652042
2018-01-05,0.0011761497289741929,-0.006416372319128283
2018-01-08,0.0010310121921283037,-0.004012327274490857
2018-01-09,0.0,-0.01120170591738534
2018-01-10,0.00018145227805087263,0.02146253148178978
2018-01-11,0.014116327775853824,0.0822942250253984
2018-01-12,0.01642096511144511,0.12269581204451896
2018-01-16,0.0009341740900143462,0.07809586823679981
2018-01-17,0.020671271459227467,0.030840125319451905
2018-01-18,0.0,-0.0022233342939326217
2018-01-19,0.0,0.0013797632796066495
2018-01-22,0.017174206885584797,-0.0010316903202352012
2018-01-23,0.00048764082730788633,-0.0008570922182757901
2018-01-24,0.0,-0.05632102569548936
2018-01-25,0.007474922839506173,-0.08691907221116246
2018-01-26,0.0,-0.08955223328907735
2018-01-29,0.0020229050190344214,-0.03851059169028981
2018-01-30,0.002377588642707005,-0.008670960078763668
2018-01-31,0.0004181091432107437,0.02355366739285225
2018-02-01,0.0,0.022779150863649678
2018-02-02,0.00019088826673453805,-0.009317546800482468
2018-02-05,0.0037421114388101356,-0.08218524456254694
2018-02-06,0.0002839475012619889,-0.048284831719198396
2018-02-07,0.0017954760416165696,-0.01153835807576753
2018-02-08,0.00039448354214662165,-0.02331187707277993
2018-02-09,0.0017516230635726683,-0.05509958384206859
2018-02-12,0.0,-0.02548626003136667
2018-02-13,0.0,0.04670784068114475
2018-02-14,0.0,0.056038006753215575
2018-02-15,0.00012171372930866602,0.031542992781282475
2018-02-16,8.94347722394467e-05,0.01395706958064391
2018-02-20,0.025757249913149927,0.01272770200869533
2018-02-21,0.006453062796969308,0.02148242798483424
2018-02-22,0.009211797043310304,0.027142310246562218
2018-02-23,0.00216618122740512,0.032289055625909224
2018-02-26,0.00022947358759006837,0.042061529825083044
2018-02-27,0.0,0.0241600062964471
2018-02-28,0.0035335689045936395,0.016107966679564045
2018-03-01,0.002896430224398692,-0.027636408808475066
2018-03-02,0.004207908141535631,-0.019904039631696624
2018-03-05,0.0002170374389582203,-0.01953911524633134
2018-03-06,0.000466345406497746,0.0016828406661404394
2018-03-07,0.0008735927739043004,0.017487744554818274
2018-03-08,0.0,0.0300807867330668
2018-03-09,0.0,0.04666800514156333
2018-03-12,0.0043480369179045375,0.0441692692894311
2018-03-13,0.001428667473443593,0.026282180985601755
2018-03-14,6.512006512006512e-05,-0.014089640314781104
2018-03-15,0.0,-0.02353980743798889
2018-03-16,0.00036827325875799844,-0.014760719611942807
2018-03-19,4.657300318248855e-05,-0.011939206071582942
2018-03-20,0.0071696936883726275,0.002718923211078028
2018-03-21,0.0005864060417592181,-0.023646316958140123
2018-03-22,0.0009044804083082986,-0.04229208102389126
2018-03-23,0.0,-0.0779104540383232
2018-03-26,0.0,-0.04122763499228299
2018-03-27,0.014007630890977178,-0.026954768133859996
2018-03-28,0.0009881131463292333,-0.0031367107212751932
2018-03-29,0.004167907115212861,0.001928386029947049
2018-04-02,0.010779563297350343,-0.022003962909038388
2018-04-03,0.005673848287601066,0.012192843888236826
2018-04-04,0.0003096681661125236,0.0015396016562290171
2018-04-05,0.00019080934965813324,0.047408650625708315
2018-04-06,0.00804442120158735,-0.02292596082342746
2018-04-09,0.0008206682133106071,-0.04265947447230933
2018-04-10,0.005153071568561195,-0.0897583531383469
2018-04-11,0.0,-0.09723604996124835
2018-04-12,0.0,-0.06523483086734316
2018-04-13,0.01802091467242356,-0.033501910204394525
2018-04-16,0.001195232169755714,0.022026578677069475
2018-04-17,0.004295726882206647,-0.017607962690467605
2018-04-18,0.0006969219281506678,0.04120347964257909
2018-04-19,0.0,0.010344728273637527
2018-04-20,0.0,0.022513668022279276
2018-04-23,0.00200576865696383,-0.02261315583143375
2018-04-24,0.0,-0.025384019561286553
2018-04-25,0.0022995579018963257,-0.032706285925632406
2018-04-26,0.0,-0.09233068979759707
2018-04-27,3.243173120581177e-05,-0.05012022690146556
2018-04-30,0.0,-0.05127065197139613
2018-05-01,0.0002232334506739933,0.023365658496604658
2018-05-02,0.0019152343685505308,-0.02672817851353071
2018-05-03,0.040468008509245625,-0.01910092735504887
2018-05-04,0.000476009139375476,-0.011531523659276122
2018-05-07,0.0,0.007084595573820351
2018-05-08,0.0,0.023523276523681025
2018-05-09,0.004386769636215035,-0.029466707815544724
2018-05-10,0.01404389730298858,-0.009425076813906474
2018-05-11,0.0005203505862074573,-0.009302593117937574
2018-05-14,0.006160263094569664,0.02313242383141345
2018-05-15,0.024352919882184524,0.027354729707398606
2018-05-16,0.0046449900464499,0.034272440443412044
2018-05-17,0.0023695891599639553,0.027555459311191077
2018-05-18,0.0015419209765499518,0.004399199657805886
2018-05-21,0.0012863725921221892,0.004993160316409728
2018-05-22,0.002086927943472188,-0.01718993144399228
2018-05-23,0.0013541513712822019,-0.013370121259558276
2018-05-24,0.0013292853040124722,-0.016260083818742
2018-05-25,0.00012522109349319893,0.04734135901922598
2018-05-29,0.003699260147970406,0.018457891059990628
2018-05-30,0.001916436749326769,-0.005968677635002195
2018-05-31,0.004704840904247471,-0.030505516504015118
2018-06-01,0.00939020805434889,0.00940582816442248
2018-06-04,0.017828742286404988,0.03602752465340253
2018-06-05,0.0006933103257017842,0.014699068055926023
2018-06-06,0.00029397834359535515,0.004318214050307301
2018-06-07,0.03937401282919124,-0.02273741277424557
2018-06-08,0.007188405797101449,-0.024218874961836057
2018-06-11,0.007022725902706613,-0.0006789160074597289
2018-06-12,0.006721670897761366,-0.00980822178554197
2018-06-13,0.0040344433070392,-0.004407457086942124
2018-06-14,0.005103933292778824,-0.024456493574996574
2018-06-15,0.002008239689313507,-0.014743297749522766
2018-06-18,0.0010490853748633235,-0.011183533967027204
2018-06-19,0.004819351075912454,-0.03644391658450097
2018-06-20,0.0021566049720084493,-0.01730187318740295
2018-06-21,0.0028036537939766662,-0.02238470788568858
2018-06-22,0.008067118425298484,-0.0038544221648728616
2018-06-25,0.0027407352832829884,-0.055912326646731514
2018-06-26,0.00858806404657933,-0.05784518816088546
2018-06-27,0.004311862020415347,-0.07472800574308913
2018-06-28,0.01036593344285652,-0.037298413985590306
2018-06-29,0.0019486608451034402,-0.02890774223078063
2018-07-02,0.0022342515257388774,0.0026137646504731382
2018-07-03,0.0036659496867109324,-0.01178024056909599
2018-07-05,0.003864487572352741,0.0007903398859829824
2018-07-06,0.014831181584495855,-0.007038567130305373
2018-07-09,0.01699089233139807,0.04132462112737456
2018-07-10,0.012125641331583344,0.029744767400396332
2018-07-11,0.008054278835631428,-0.05592030365671685
2018-07-12,0.028308575008655797,-0.07580749423930777
2018-07-13,0.004406089519584308,-0.05112475430973673
2018-07-16,0.0007350862312694373,0.03670737037017768
2018-07-17,0.008643092825648962,0.028901546685311752
2018-07-18,0.0020633836585826587,0.03367453113695995
2018-07-19,0.0010043375738697563,0.02280055319509744
2018-07-20,0.0024741437592600583,0.013376215352762566
2018-07-23,0.007051378634925418,-0.008600602058385864
2018-07-24,0.009165765115999518,-0.017833714385186772
2018-07-25,0.01332057697968796,0.008183426737666144
2018-07-26,0.004116180648153516,0.0520505058887637
2018-07-27,0.02232136327067944,0.05981318639919109
2018-07-30,0.01276595744680851,0.020424576037905595
2018-07-31,0.003900278591327952,-0.011993860087153307
2018-08-01,0.00452475563419091,-0.03905284636982931
2018-08-02,0.010586501094385135,-0.026687237760693372
2018-08-03,0.011986352173268062,-0.028325843720568233
2018-08-06,0.003778617470549011,0.009707290877360109
2018-08-07,0.011319621678426662,0.011332458206479767
2018-08-08,0.004462093862815884,0.0015657962285486882
2018-08-09,0.009149710480175627,-0.012757029175523238
2018-08-10,0.010206837728338901,-0.02613710094396049
2018-08-13,0.02023210160120725,-0.04142769567010063
2018-08-14,0.0031145478535702232,-0.02188820701955929
2018-08-15,0.0010093857812193982,0.004830996482485528
2018-08-16,0.0019517388218594747,0.03723821817872319
2018-08-17,0.004965859714463066,0.018873039696060356
2018-08-20,0.002689338075821983,0.06810904761156977
2018-08-21,0.0023209650328294396,0.05686594868821149
2018-08-22,0.00426463071811909,0.03704678407355644
2018-08-23,0.0009844238738667217,-0.02900719578591393
2018-08-24,0.0023170712219754233,-0.03744116640434747
2018-08-27,9.651112290691502e-05,0.00842056978139305
2018-08-28,0.004707387481957748,0.04790096731476745
2018-08-29,0.0037982425081275954,0.043276764399868606
2018-08-30,0.005243564356435643,0.022267383362777116
2018-08-31,0.006323210926508481,-0.005160760490262928
2018-09-04,0.0010024900559454128,0.006666584813232568
2018-09-05,0.0013666996559687074,-0.01806952186206201
2018-09-06,0.020022425116130067,-0.04940712696191607
2018-09-07,0.059969839142091155,-0.0573952932266526
2018-09-10,0.0,-0.006049915741288436
2018-09-11,0.0036484551794208654,0.04417855951417993
2018-09-12,0.0008498802441474156,0.02159770644482384
2018-09-13,0.00020508290081875405,0.0012681494391311166
2018-09-14,0.002972218852359578,-0.010950657095471827
2018-09-17,0.00038457840592250747,0.026999667444601805
2018-09-18,0.001449952473780026,0.03318138444649654
2018-09-19,0.0016264270713259327,0.04680419748879383
2018-09-20,0.014990697532558637,0.03893848008552725
2018-09-21,0.04239809580481999,0.06888936053004069
2018-09-24,0.0011546277480140403,0.009134741484628561
2018-09-25,0.00032693475316426134,-0.025781762668605546
2018-09-26,0.005304962471762734,-0.05871559397173587
2018-09-27,0.0015327880047956537,-0.011434118955994221
2018-09-28,0.0,0.012741827328915267
2018-10-01,0.0,-0.034844021379004664
2018-10-02,0.00028408642540363947,-0.07228921224190865
2018-10-03,0.0,-0.0612145967585358
2018-10-04,0.0,-0.042666023811337994
2018-10-05,0.002527932089133013,-0.053506314851626824
2018-10-08,0.005874758844775816,-0.07474214160345871
2018-10-09,0.04049957560324967,-0.11524250027711447
2018-10-10,0.0,-0.13254673189893929
2018-10-11,0.012472174420991144,-0.12896946326007463
2018-10-12,0.0008733751582992474,-0.07868856292836612
2018-10-15,0.0008002400720216065,0.0053780654102471015
2018-10-16,0.00012086965718343481,0.06427873336125334
2018-10-17,0.0,0.08605628577496183
2018-10-18,0.0,0.008810507995440364
2018-10-19,0.00011748637892294362,-0.0372594535716555
2018-10-22,0.0,-0.042001881870509794
2018-10-23,0.0005897448158242879,0.009981185199871456
2018-10-24,0.003665506958250497,-0.05305859222282494
2018-10-25,4.563084645220169e-05,0.006529961819496055
2018-10-26,0.00036045236772149045,0.0024707150934628608
2018-10-29,0.0,0.07448882503225018
2018-10-30,0.0001270022701655792,0.0707446073275455
2018-10-31,0.02278611167214439,0.08071492227083721
2018-11-01,0.0004174618320610687,0.11564430611669052
2018-11-02,0.0003964865194583384,0.04818218136824659
2018-11-05,0.0,0.02105451964481686
2018-11-06,1.610357821507939e-05,-0.0303251042270839
2018-11-07,0.0005764611689351481,0.020425212862787978
2018-11-08,0.007369263526675828,0.03191478829813854
2018-11-09,0.0017236594165851093,0.029855056082642495
2018-11-12,0.0015017543859649123,-0.0029755057719381695
2018-11-13,0.0,0.024959350445201478
2018-11-14,0.0,0.0521811096429361
2018-11-15,0.019558929309315742,0.026044441307777166
2018-11-16,0.0005170788088937555,-0.027263020867094534
2018-11-19,0.0,-0.060089291230427055
2018-11-20,0.0044627218033660805,-0.05896354636559087
2018-11-21,0.0,-0.011972803147997424
2018-11-23,0.0,0.059464014873414905
2018-11-26,0.014217664282488674,0.07052554121547416
2018-11-27,0.00014331438398700616,0.05453034315028216
2018-11-28,0.00011611897218121195,0.026086970492111616
2018-11-29,0.0,0.008398924524151807
2018-11-30,0.00888193054029235,0.048837752668434486
2018-12-03,0.00018478699099583389,0.018233230677726864
2018-12-04,0.0017215984084779157,-0.04502857495308743
2018-12-06,0.001280486886307829,-0.08017922748662887
2018-12-07,0.0,-0.15334180474745351
2018-12-10,0.0006308595461316043,-0.07767786594461834
2018-12-11,0.0,-0.07688139707023955
2018-12-12,0.0,0.023234966950411273
2018-12-13,0.002367521117703797,-0.04078027436407772
2018-12-14,7.419058076386622e-05,-0.04956015488813026
2018-12-17,0.0,-0.06724883101988743
2018-12-18,0.0,0.0332718372004146
2018-12-19,0.0007419608541453352,0.0003085193479255288
2018-12-20,0.002571251101448857,-0.004681676359450049
2018-12-21,0.00033558026204441333,-0.08228973931938433
2018-12-24,0.0,-0.08328192930115097
2018-12-26,0.05649612113862849,0.012543182842564171
2018-12-27,0.036155616634265156,0.040935601273956124
2018-12-28,0.00447086949097288,0.0709960202517339
2018-12-31,0.0014906832298136647,-0.005574458253039927
2019-01-02,0.012040807987250908,0.013732788344010594
2019-01-03,0.0024019647531913746,-0.05560799044755593
2019-01-04,0.00044936002435241423,-0.002180065746919424
2019-01-07,0.0011192449633976647,0.014470473441358322
2019-01-08,0.0010633348840300393,0.07850967820776833
2019-01-09,0.0,0.04307127027174196
2019-01-10,0.002791335942738628,-0.02761758751813903
2019-01-11,0.0004556210408736166,-0.019123992543657153
2019-01-14,0.00012335209313083033,-0.05116707045380364
2019-01-15,0.0,0.0018726832300464125
2019-01-16,0.0021569416498993963,0.0327042793984198
2019-01-17,0.0011931348854284578,0.05897208208448479
2019-01-18,0.007963068096931305,0.05825553381289583
2019-01-22,0.0026858544996352543,-0.0030447970406057845
2019-01-23,0.00671610238397242,-0.057474782314820394
2019-01-24,0.0033270759885841612,-0.009125755609926234
2019-01-25,0.00261317462954851,0.06841749556356835
2019-01-28,0.0055382593595018695,0.15545020565160006
2019-01-29,0.0012008508886296575,0.07813428790913002
2019-01-30,0.0003995937463578695,0.03887951702578807
2019-01-31,0.0027030784201665095,-0.021875829701922145
2019-02-01,0.0046027646969466806,-0.004960023556996762
2019-02-04,0.0010727111608600346,0.012107774192381404
2019-02-05,0.0009476549846652193,0.0352440509458789
2019-02-06,0.00045757202814856893,0.020775819670735496
2019-02-07,0.00449274305302312,-0.013903958225519597
2019-02-08,0.005470540400680121,-0.025182824217219846
2019-02-11,0.0019133034379671151,-0.004624703855473755
2019-02-12,0.027774889974702847,-0.011611847186271063
2019-02-13,0.00012054624670650433,0.0058332561783285275
2019-02-14,0.00011915045723987966,-0.013118181536938556
2019-02-15,1.4680407528112981e-05,-0.01958052880577965
2019-02-19,0.0028031251863780042,-0.020436234741727843
2019-02-20,0.006070922840529059,-0.029077739212553744
2019-02-21,0.0002654906414548887,-0.001997091795789996
2019-02-22,0.0273674697093795,0.000563902363207136
2019-02-25,0.0012031399016946666,0.0239588377545501
2019-02-26,0.0022888713496448305,0.036306515994045885
2019-02-27,0.0026648599819331527,0.005635388689879894
2019-02-28,0.0013736865948647504,-0.007520835607500609
2019-03-01,0.0025957751521661298,-0.04441387604618574
2019-03-04,0.005951571728523738,-0.05519749356512027
2019-03-05,0.00029469243415950613,-0.06735905813386867
2019-03-06,0.0,-0.05427246384375595
2019-03-07,0.0,-0.044484061754717974
2019-03-08,0.001256204424290704,-0.039723119970418
2019-03-11,0.0,-0.02167271519598213
2019-03-12,0.00214357383927757,-0.04034763198802327
2019-03-13,0.007778346370348709,-0.0021937040519039996
2019-03-14,0.0009604610212902193,0.002496143519446381
2019-03-15,0.0023156501864549503,0.0164942831152175
2019-03-18,0.0,-0.014447290160745974
2019-03-19,0.00011826721632763399,-0.016806661197695805
2019-03-20,0.0004490417769224601,-0.014953960914215081
2019-03-21,0.0,0.0022307876337710475
2019-03-22,0.0019185449271859327,-0.03228877128006402
2019-03-25,0.0017904788653279034,-0.024224817175915736
2019-03-26,0.0,-0.039427692095914124
2019-03-27,0.0,0.012103435682147223
2019-03-28,0.0,0.02284017136611194
2019-03-29,0.00010665204010116708,0.05130755354318817
2019-04-01,0.0,0.045572004076948947
2019-04-02,0.0,0.06763767684979038
2019-04-03,0.0,0.06139792174320835
2019-04-04,0.0028314101560832634,0.04884074058225263
2019-04-05,0.0006742078058281519,0.032434030630448696
2019-04-08,0.0024763380581255792,0.005043136243622737
2019-04-09,0.004180151024811219,-0.01827277964146523
2019-04-10,0.00014391480243695733,-0.0011745226736877834
2019-04-11,0.0015544501687688754,0.02744975155075502
2019-04-12,0.0013386495473061478,0.04142890695639578
2019-04-15,0.00038823807433915127,-0.007936568695734003
2019-04-16,0.0,-0.022407331326664948
2019-04-17,0.0,-0.008936240946088136
2019-04-18,0.001448554995384506,0.018370385352671548
2019-04-22,0.0,-0.0161621310816934
2019-04-23,0.006445627227891987,-0.01192551381403828
2019-04-24,0.005117928164020348,-0.011056074972200736
2019-04-25,0.0,-0.002090863321388081
2019-04-26,0.004036251237883744,-0.026788462063970897
2019-04-29,0.0019867746048690803,-0.006472388859963596
2019-04-30,0.028200110391891214,0.023046927785568938
2019-05-01,0.0032153818671949853,0.025710900070788245
2019-05-02,0.014019890920757139,0.00533009475220525
2019-05-03,0.011276115909961278,0.017846669303066998
2019-05-06,0.0058079945336522035,0.024771363285076786
2019-05-07,0.0068096599479937365,0.0017043746142448857
2019-05-08,0.06908332325553271,-0.027093888140995004
2019-05-09,0.011201688202815599,-0.020201944202004274
2019-05-10,0.0007396348395403307,0.0023592025841625563
2019-05-13,0.006683021740969461,-0.04770370216010611
2019-05-14,0.002291724816735467,-0.047422557857966785
2019-05-15,0.0,-0.053839361212831505
2019-05-16,0.003054854562358879,0.00560049001575913
2019-05-17,0.000729144327686039,-0.018552971694105747
2019-05-20,0.0032347944274549777,-0.0373134731669128
2019-05-21,0.015352278698535782,-0.031559362196416973
2019-05-22,0.004791918494215161,-0.057340927529312635
2019-05-23,0.006008325822926055,-0.0471576109528592
2019-05-24,0.0022505206950055217,-0.06805106923812154
2019-05-28,0.004895345832495909,-0.03977277735668361
2019-05-29,0.028990523992903812,-0.03694916302755813
2019-05-30,0.006277202407457948,-0.03428186096997898
2019-05-31,0.0003876358520092458,-0.052210196454481994
2019-06-03,0.0002645428977193618,-0.042590535766094506
2019-06-04,0.0006441730964684999,0.03372388547469085
2019-06-05,0.0020149452895649855,0.1149468035758685
2019-06-06,0.004813855175235238,0.11691169952879177
2019-06-07,0.0028083576724331613,0.06181312999519739
2019-06-10,0.006433205517291512,0.013175222366222039
2019-06-11,0.0007918352982579623,0.006583291085415555
2019-06-12,0.0040269979014236285,0.005821466466001901
2019-06-13,0.005321371855236397,0.07574775087774888
2019-06-14,0.0007274355100442057,0.06867236643396746
2019-06-17,0.00678972383193065,0.04694539015051524
2019-06-18,0.0021451503764810895,-0.0172257682539404
2019-06-19,0.014581342472073022,0.01621775841051898
2019-06-20,0.002173104115501972,-0.012592124267029603
2019-06-21,0.001226215644820296,-0.029212816789410345
2019-06-24,0.006289709779381245,-0.04185476954889844
2019-06-25,0.005110977115456399,-0.027682795660565973
2019-06-26,2.8975848630166755e-05,-0.0034843208920690705
2019-06-27,0.006406941331954261,0.010370836461212951
2019-06-28,0.003481399380453008,0.04318632911272924
2019-07-01,0.00828450496317161,0.045136691689644515
2019-07-02,0.008395703550994189,0.00124401944253405
2019-07-03,0.0035007476471105637,0.003373012368517614
2019-07-05,0.005696468189722372,-0.012773796374974777
2019-07-08,0.004947942074233069,0.018639429682560493
2019-07-09,0.0038552490146900754,-0.011002306278675156
2019-07-10,0.023392232487218584,0.014787472689740344
2019-07-11,0.050529087134828614,0.007319263360505479
2019-07-12,0.005140935062645966,0.043881122571527875
2019-07-15,0.0011120182427296528,0.020340101034973967
2019-07-16,0.003200673826068646,0.036027900194462115
2019-07-17,0.014576124567474048,-0.015393653979241972
2019-07-18,0.008344368974895695,0.0038679157186363167
2019-07-19,0.0054917623564653024,-0.03331380367379855
2019-07-22,0.0017379117028731605,-0.010823706225328689
2019-07-23,0.006889167523703527,-0.000296588317894253
2019-07-24,0.0004821532396443411,0.045646935256010934
2019-07-25,0.0006167561430313565,-0.037386100567419644
2019-07-26,0.0014321365776189666,-0.07382138198852772
2019-07-29,0.006522073097495915,-0.11130396485139793
2019-07-30,0.0030089693200305214,-0.030312555956688803
2019-07-31,0.00648079683354356,-0.023367534974981896
2019-08-01,0.010540332188660732,-0.02927777382215846
2019-08-02,0.0006495248584459411,-0.04102898697029522
2019-08-05,0.002217961192833839,-0.06489669693358913
2019-08-06,0.009556710226387847,-0.04625484626705756
2019-08-07,0.012642098330613064,-0.024424300736066273
2019-08-08,0.008882885095583118,0.022863124541662172
2019-08-09,0.0017971515823041375,0.014809605696405326
2019-08-12,0.003421344139545971,-0.0345791117008134
2019-08-13,0.0075921757246123515,-0.05398894807695953
2019-08-14,0.005038059251957724,-0.0931202436270594
2019-08-15,0.0016693329623704528,-0.08068018015933898
2019-08-16,0.00013867317506101619,-0.06252270759527923
2019-08-19,0.0009392878490308257,0.0
2019-08-20,0.013266900557209823,0.01652898162312222
2019-08-21,0.00048715677590788306,0.024428018652489003
2019-08-22,0.005397091722595078,0.01647515089187901
2019-08-23,0.0038426373742861306,-0.015873108691341065
2019-08-26,0.0011564654987792865,-0.046555573235814496
2019-08-27,0.05258393059222935,-0.07840184571113773
2019-08-28,0.0015350203938423754,-0.0035404436976876896
2019-08-29,0.0035538313416775217,0.044859074122672205
2019-08-30,0.053694355208811384,0.07607361245628375
2019-09-03,0.002172782079138232,0.046585041923142834
2019-09-04,0.0,0.02583581445619787
2019-09-05,0.0,0.052451591532367114
2019-09-06,0.0010714555195050178,0.048283714224777396
2019-09-09,0.0,0.0533334243316832
2019-09-10,0.0028563614816615518,0.05164316858633633
2019-09-11,0.001044819691778191,0.07088873077081814
2019-09-12,0.00011884600528864724,0.05274255836815933
2019-09-13,0.004084471608482678,0.028502774849680446
2019-09-16,0.0007576207736645076,-0.06686824593889296
2019-09-17,0.0,-0.0434201823976651
2019-09-18,0.0004260563916066891,-0.04507516764186059
2019-09-19,0.00853161716951054,0.01908532632107196
2019-09-20,0.023054755043227664,-0.022695553068810437
2019-09-23,0.006856510920652474,-0.03846154116984646
2019-09-24,0.0013689453295663064,-0.045936405943745595
2019-09-25,0.0,-0.019649858773520323
2019-09-26,0.0005936350736976226,-0.011272701801080198
2019-09-27,0.003597280105286247,0.00037040803772003805
2019-09-30,0.0,-0.01712829685412498
2019-10-01,0.00010661955097937674,-0.014343559487738133
2019-10-02,0.0,-0.060718236791810876
2019-10-03,0.0,-0.06303298849905248
2019-10-04,0.0,-0.03619395385010138
2019-10-07,0.0,0.01813166882867634
2019-10-08,0.0001541045753648426,0.03917684892482409
2019-10-09,0.0002602850887265935,0.04800612231158197
2019-10-10,0.009057610078315376,0.052264779294386665
2019-10-11,0.035719967027722746,0.04188888597890261
2019-10-14,0.0,0.020317752469108052
2019-10-15,0.0024198690082884136,0.040103055552756395
2019-10-16,0.0005382533678214195,0.025219211966792665
2019-10-17,0.0,0.011223688629527162
2019-10-18,0.0,-0.0017687678511252303
2019-10-21,0.0017190321415673528,0.020320948566768804
2019-10-22,0.0,0.01181526434393021
2019-10-23,0.0,0.002480584207393166
2019-10-24,0.0975575823156593,0.027602995444277356
2019-10-25,0.001747374892811494,0.0920028513829585
2019-10-28,0.0042841486499950185,0.10851887319106934
2019-10-29,0.00800022417440769,0.05134309908353951
2019-10-30,0.0015693926026467595,-0.018470464811017884
2019-10-31,0.00561505667047936,-0.041454155004955306
2019-11-01,0.0003488524208904458,-0.011642993867674312
2019-11-04,0.0012791552132378956,0.021789356467249554
2019-11-05,0.0010799893403649523,0.04062114752392709
2019-11-06,0.0006243929512973498,0.01637293806103801
2019-11-07,0.00026538573817043074,0.0012965076995314906
2019-11-08,0.0,-0.01347015353096559
2019-11-11,0.015484645916022562,-0.011950881942324632
2019-11-12,8.45928265283104e-05,-0.04435092938175145
2019-11-13,0.0001710888378790687,-0.06827054330662052
2019-11-14,0.0,-0.059496568782130166
2019-11-15,0.0,-0.022357725650438587
2019-11-18,0.0,-0.0020934721407600554
2019-11-19,0.0002760023242300988,0.018074403385534454
2019-11-20,0.002585050940709714,-0.02182950809181694
2019-11-21,0.0013746945123305932,-0.023426533595829024
2019-11-22,0.00024120926243567753,-0.020826218540794694
2019-11-25,0.0,0.02692168757373059
2019-11-26,0.009536128579488379,0.04010020280182336
2019-11-27,5.44462139463977e-05,0.00941422960212912
2019-11-29,8.501955449753443e-05,-0.008623645370237187
2019-12-02,0.0018337408312958435,-0.03339072076082128
2019-12-03,0.015516016299067589,-0.057340238203457905
2019-12-04,0.0,-0.04732085589174495
2019-12-05,0.0,-0.029914487143761326
2019-12-06,0.0,0.016123085944651727
2019-12-09,0.0006546032636648431,0.0040175682648617705
2019-12-10,0.00029517476082162764,-0.008810596548098237
2019-12-11,0.0021770101327015737,-0.0313739360800519
2019-12-12,0.0,0.008366673014764014
2019-12-13,0.0,0.0177777148299616
2019-12-16,0.001918932483098633,0.039463878640287886
2019-12-17,0.0022720571656520455,0.02020208822983416
2019-12-18,0.0016215965776590323,0.01892294846892595
2019-12-19,0.0,0.022564418951985132
2019-12-20,0.0003706805420173259,0.026874123563216834
2019-12-23,0.005037513397642015,0.04642851458663455
2019-12-24,0.0,0.022066606641806708
2019-12-26,0.0,0.021694199915605283
2019-12-27,0.0023548926968705104,-0.02935151677918557
2019-12-30,0.0023447177490709607,-0.030157712617219223
