date,open,high,low,close,adj_close,volume
1/2/2015,54.279999,54.599998,53.07,53.91,51.07991,10748600
1/5/2015,54.369999,54.540001,53.34,53.880001,51.051506,11565000
1/6/2015,54.27,54.43,52.130001,53.040001,50.255585,13772200
1/7/2015,53.380001,53.650002,52.119999,53.009998,50.227165,10069800
1/8/2015,53.48,54.279999,53.25,53.66,50.843037,9672100
1/9/2015,53.669998,53.91,51.82,52.02,49.289127,12351600
1/12/2015,51.060001,51.450001,49.200001,49.580002,46.977226,18261300
1/13/2015,50.119999,51.43,49.459999,50.400002,47.754173,12259300
1/14/2015,49.41,50.23,48.099998,49.41,46.816139,15684700
1/15/2015,49.139999,50.400002,48.580002,49.41,46.816139,10396900
1/16/2015,49.380001,49.970001,48.27,49.810001,47.195156,12978000
1/20/2015,51,52.830002,49.93,52.75,49.980804,15157300
1/21/2015,52.650002,54,51.950001,53.669998,50.852509,12882200
1/22/2015,54.52,55.82,53.91,55.59,52.671711,16201100
1/23/2015,55.400002,55.98,54.799999,55.689999,52.766472,9488800
1/26/2015,55.889999,56.200001,54.73,55.450001,52.53907,13353900
1/27/2015,53.990002,54.52,52.540001,52.700001,49.93343,19810700
1/28/2015,52.790001,53.700001,50.299999,50.619999,47.962631,17064800
1/29/2015,51.049999,52.419998,50.57,52.240002,49.497585,16618900
1/30/2015,52.02,52.130001,48.630001,49.080002,46.503475,18473100
2/2/2015,48.580002,48.93,46.209999,48.720001,46.162373,22413100
2/3/2015,47.299999,48.16,46.549999,47.5,45.006413,16678900
2/4/2015,48.619999,49.790001,48.23,49.459999,46.863522,11836800
2/5/2015,49.459999,49.459999,47.599998,48.810001,46.341339,9220900
2/6/2015,48.84,49.470001,47.889999,48.150002,45.714714,8650100
2/9/2015,46.41,47.240002,45.950001,46.529999,44.176659,12961900
2/10/2015,47.400002,48.380001,46.900002,48.049999,45.619781,9085300
2/11/2015,48.790001,48.950001,47.349998,47.59,45.183044,10060200
2/12/2015,46.75,48.5,46.400002,47.880001,45.45837,9542800
2/13/2015,47.529999,48.400002,46.650002,48.389999,45.942577,9895700
2/17/2015,48.77,49.450001,47.860001,48.009998,45.58181,7260500
2/18/2015,48.599998,49.450001,48.18,49.310001,46.816048,8752700
2/19/2015,50.779999,50.799999,49.59,49.779999,47.262295,11462600
2/20/2015,49.810001,51.119999,49.130001,51.02,48.43956,10537900
2/23/2015,51.75,52.200001,50.950001,51.310001,48.714901,9508700
2/24/2015,50.290001,51.560001,49.360001,51.52,48.914272,13916700
2/25/2015,51.299999,51.490002,49.459999,49.73,47.214802,9577000
2/26/2015,50.380001,50.380001,49.02,49.349998,46.854031,7577300
2/27/2015,49,49.400002,47.849998,47.900002,45.477364,9396400
3/2/2015,48.200001,48.57,47.849998,48.310001,45.866631,11482900
3/3/2015,47.900002,49.029999,47.75,48.77,46.303356,9051200
3/4/2015,48.849998,48.959999,47.98,48.950001,46.474258,6711000
3/5/2015,49.189999,49.200001,47.779999,48.400002,45.952065,7041000
3/6/2015,48.330002,48.939999,47.900002,48,45.572308,7002300
3/9/2015,48.049999,48.580002,47.580002,47.919998,45.496353,7460200
3/10/2015,47.5,47.580002,46.470001,46.740002,44.376034,9337100
3/11/2015,46.900002,47.889999,46.580002,47.389999,44.993164,6630300
3/12/2015,47.57,48.720001,47.560001,48.68,46.217911,7133500
3/13/2015,48.75,49.490002,48.279999,49.220001,46.730614,9188000
3/16/2015,49.77,50.450001,49.450001,50.220001,47.680023,10897800
3/17/2015,52.630001,54.18,52.5,53.689999,50.974529,41837900
3/18/2015,53.689999,54.599998,53.34,54.130001,51.392277,21325000
3/19/2015,54.57,55.240002,54.450001,55.189999,52.398659,18897700
3/20/2015,55.189999,56.049999,54.860001,55.759998,52.939823,137767200
3/23/2015,55.470001,55.93,54.369999,54.400002,51.648605,19042000
3/24/2015,54.040001,54.41,53.66,53.93,51.202389,11940800
3/25/2015,53.619999,53.779999,51.93,52.009998,49.37949,14237900
3/26/2015,50.84,51.689999,50.25,51.27,48.676918,14242700
3/27/2015,51.380001,52.849998,51.380001,52.66,49.996616,9004000
3/30/2015,53.240002,53.84,53.049999,53.639999,50.927044,8167300
3/31/2015,53.66,53.73,52.68,52.779999,50.110546,8386400
4/1/2015,51.099998,51.380001,50.110001,50.439999,47.888893,15191500
4/2/2015,50.48,50.849998,49.150002,49.18,46.692627,14109800
4/6/2015,48.349998,48.689999,47.669998,48.080002,45.648262,13323400
4/7/2015,48.299999,48.799999,47.490002,47.5,45.097599,9393200
4/8/2015,47.799999,49.09,47.73,48.740002,46.274887,11180000
4/9/2015,48.860001,49.48,47.720001,47.84,45.420399,11576200
4/10/2015,48.16,48.790001,47.720001,47.73,45.315964,11713400
4/13/2015,47.470001,48.59,47.470001,47.790001,45.372925,9350300
4/14/2015,47.490002,47.779999,46.880001,47.419998,45.021648,9878400
4/15/2015,48,48.720001,47.669998,47.75,45.334949,9846700
4/16/2015,47.810001,48.91,47.75,48.240002,45.800171,7155900
4/17/2015,47.959999,48.650002,47.950001,48.189999,45.752701,8659800
4/20/2015,48.610001,49.779999,47.91,49.759998,47.243294,9523500
4/21/2015,50,51.419998,49.459999,51.360001,48.762367,10850300
4/22/2015,51.400002,51.540001,50.400002,51.400002,48.80035,7333300
4/23/2015,51.07,51.720001,50.700001,51.450001,48.847816,9821800
4/24/2015,51.98,53.470001,51.490002,52.709999,50.044098,20248100
4/27/2015,52.68,52.68,51.700001,51.869999,49.246574,9843400
4/28/2015,51.700001,51.82,50.009998,51.189999,48.600967,9235700
4/29/2015,50.580002,50.799999,47.66,48.880001,46.407787,18050300
4/30/2015,48.5,49.459999,48.009998,48.290001,45.941628,9400400
5/1/2015,48.650002,49.830002,48.509998,49.389999,46.988132,8084600
5/4/2015,49.41,50.080002,48.799999,48.950001,46.569527,5589800
5/5/2015,48.209999,48.709999,46.900002,47.009998,44.723873,11385000
5/6/2015,46.779999,47.639999,46.150002,47.049999,44.761921,10116400
5/7/2015,47.400002,49.619999,47.400002,49.060001,46.674187,11428000
5/8/2015,49.23,49.830002,48.93,49.040001,46.655155,6478200
5/11/2015,49,50.299999,48.799999,49.650002,47.235489,8036700
5/12/2015,49.110001,49.400002,48.630001,48.849998,46.474388,6820500
5/13/2015,49.27,49.849998,48.400002,48.490002,46.131908,8553100
5/14/2015,48.939999,49.09,48.5,48.82,46.445847,7980100
5/15/2015,49.41,49.450001,48.560001,48.669998,46.303146,6650400
5/18/2015,48.560001,49.169998,48.380001,49,46.617104,6152300
5/19/2015,49.450001,49.68,47.700001,47.849998,45.523029,14984900
5/20/2015,47.560001,47.560001,42.970001,43.060001,40.965961,51460300
5/21/2015,43.189999,43.389999,42.400002,42.470001,40.404655,23895800
5/22/2015,42.700001,42.93,42.02,42.610001,40.537849,16113100
5/26/2015,43.049999,43.09,41.360001,41.560001,39.538918,17481100
5/27/2015,41.650002,42.450001,41.599998,42.240002,40.185844,13017800
5/28/2015,42.25,42.5,41.77,41.970001,39.928967,9238800
5/29/2015,41.68,42.599998,41.32,42.369999,40.309513,13236100
6/1/2015,42.610001,44.380001,42.09,44.18,42.031502,21917100
6/2/2015,43.299999,44.110001,43.040001,43.779999,41.650951,14832900
6/3/2015,43.349998,43.91,43.009998,43.130001,41.032562,13272600
6/4/2015,43.049999,43.98,41.880001,42.169998,40.119244,14128000
6/5/2015,42.130001,42.580002,41.709999,41.720001,39.691135,9951100
6/8/2015,41.07,41.240002,39.27,39.860001,37.921597,25757800
6/9/2015,38.799999,40.720001,38.450001,40.330002,38.368729,27024800
6/10/2015,40.209999,41.209999,39.700001,40.43,38.463867,15731900
6/11/2015,40.790001,41.259998,39.939999,40.02,38.073795,10116700
6/12/2015,39.84,41,39.759998,40.709999,38.730244,10333800
6/15/2015,40.349998,41,40.009998,40.07,38.121376,8830300
6/16/2015,40.130001,40.32,39.32,39.48,37.56007,9212100
6/17/2015,39.27,40.09,38.91,39.880001,37.940617,9567400
6/18/2015,39.799999,40.220001,39.610001,39.98,38.035744,10647000
6/19/2015,40.299999,41.889999,40.299999,41.560001,39.538918,20198300
6/22/2015,42.919998,43.25,42.240002,43.029999,40.937424,15120200
6/23/2015,42.98,43.419998,42.349998,42.73,40.652016,10702000
6/24/2015,42.700001,42.919998,42.07,42.240002,40.185844,6895900
6/25/2015,42.650002,43.419998,42.200001,42.240002,40.185844,8174200
6/26/2015,42.439999,42.580002,41.330002,41.439999,39.424736,9819900
6/29/2015,40.77,41.32,39.59,39.75,37.816936,17651700
6/30/2015,40.200001,40.599998,39.93,39.939999,37.997692,11184500
7/1/2015,40.650002,40.900002,37.799999,38.799999,36.913132,24907100
7/2/2015,39.02,39.810001,38.400002,39.029999,37.131947,11080000
7/6/2015,39.09,40,39.080002,39.73,37.797901,9157700
7/7/2015,39.93,40.740002,39.259998,40.669998,38.692192,10375900
7/8/2015,40.299999,40.310001,39.139999,39.310001,37.398338,11193000
7/9/2015,39.84,40.279999,39.66,39.669998,37.740822,8490900
7/10/2015,40.509998,41.639999,40.5,41.209999,39.205936,16451700
7/13/2015,41.959999,42.720001,41.959999,42.419998,40.357079,12077000
7/14/2015,42.040001,42.459999,41.290001,42.060001,40.014603,12701500
7/15/2015,41.389999,42.220001,40.389999,41.540001,39.519882,17922800
7/16/2015,41.810001,42.220001,41.299999,41.389999,39.377178,12111300
7/17/2015,41.450001,41.84,41.240002,41.400002,39.386688,9736000
7/20/2015,41.549999,41.709999,40.439999,40.549999,38.578026,7645900
7/21/2015,40.5,41.299999,40.490002,40.900002,38.911015,7300000
7/22/2015,40.959999,41.610001,40.959999,41.43,39.41523,8302900
7/23/2015,42.779999,43.810001,42,42.610001,40.537849,16579900
7/24/2015,43,43.110001,39.619999,39.630001,37.702766,20152600
7/27/2015,39.630001,40.810001,38.900002,40.139999,38.187962,12071400
7/28/2015,40.18,41.380001,40.18,41.169998,39.167881,8186000
7/29/2015,41.09,41.330002,40.439999,40.73,38.749279,6801400
7/30/2015,40.580002,40.93,39.919998,40.27,38.311642,5855800
7/31/2015,40.529999,40.540001,39.880001,40.099998,38.149906,6955900
8/3/2015,40.240002,41.849998,40.209999,41.709999,39.681618,9261900
8/4/2015,42.150002,42.77,41.880001,42.740002,40.661537,13354300
8/5/2015,42.849998,43.299999,42.59,42.959999,40.870827,7581000
8/6/2015,43.25,43.450001,41.759998,42.18,40.222385,7395500
8/7/2015,42.209999,42.48,41.400002,41.490002,39.564411,5588600
8/10/2015,41.75,42.43,41.450001,41.68,39.745594,6860600
8/11/2015,41.740002,43.419998,41.650002,42.700001,40.718254,10378600
8/12/2015,42.369999,42.68,40.68,42.52,40.546612,10391900
8/13/2015,42.759998,43.279999,42.27,42.669998,40.689648,6605800
8/14/2015,42.349998,43.169998,42.349998,42.880001,40.889896,4857400
8/17/2015,42.959999,44.02,42.82,43.950001,41.91024,8385400
8/18/2015,44.060001,44.450001,43.240002,43.630001,41.605091,6317200
8/19/2015,43.529999,44.27,43.209999,43.529999,41.509727,8374000
8/20/2015,42.84,43.52,41.779999,41.98,40.03167,8905700
8/21/2015,41.400002,41.599998,39.75,39.75,37.90517,16241600
8/24/2015,36,39.900002,34.099998,37.619999,35.874016,19612700
8/25/2015,39.389999,39.490002,37.490002,37.5,35.759594,12820300
8/26/2015,38.77,39.009998,36.970001,38.849998,37.046928,15679800
8/27/2015,39.169998,39.450001,37.970001,39.029999,37.218582,13793600
8/28/2015,38.93,39.580002,38.349998,38.619999,36.827614,11825000
8/31/2015,38.630001,39.759998,38.619999,38.98,37.170902,12409600
9/1/2015,38.630001,39.810001,38.5,39.200001,37.380695,16042600
9/2/2015,39.970001,41.509998,39.799999,41.509998,39.583477,19316800
9/3/2015,41.84,41.91,40.779999,40.889999,38.992256,9905600
9/4/2015,40.400002,41.32,40.150002,40.599998,38.715714,9738400
9/8/2015,41.279999,41.580002,40.689999,40.799999,38.906433,10814800
9/9/2015,41.150002,42.18,40.630001,41,39.097153,12481200
9/10/2015,41.389999,41.880001,40.709999,41.209999,39.297409,9181600
9/11/2015,41.220001,42.150002,41.049999,42.150002,40.193779,8635200
9/14/2015,42.169998,42.5,41.84,42.290001,40.327278,7362500
9/15/2015,42.360001,42.849998,41.889999,42.639999,40.661034,7008300
9/16/2015,42.400002,43.25,42.240002,43.060001,41.061543,7703100
9/17/2015,43.110001,44.59,42.990002,43.990002,41.948387,12835700
9/18/2015,43.43,44.029999,43.279999,43.490002,41.471584,12446900
9/21/2015,43.720001,44.009998,42.880001,43.23,41.223656,6687200
9/22/2015,42.77,43.080002,40.919998,41.189999,39.278332,12483700
9/23/2015,41.32,41.5,40.5,41.240002,39.326019,8248800
9/24/2015,41.150002,41.150002,39.919998,40.25,38.381969,10507300
9/25/2015,40.93,41.029999,39.919998,40.240002,38.372425,7524900
9/28/2015,39.869999,40.18,38.639999,39.080002,37.266266,9635900
9/29/2015,39.049999,39.77,38.790001,39.18,37.361626,7478800
9/30/2015,39.18,39.68,37.720001,38.830002,37.027859,15823700
10/1/2015,38.5,39.27,37.84,39.200001,37.380695,9175100
10/2/2015,38.75,38.77,37.419998,38.630001,36.837151,12276300
10/5/2015,38.900002,40.299999,38.82,40.189999,38.324745,9421800
10/6/2015,39.950001,40.369999,38.080002,38.130001,36.360367,12985800
10/7/2015,38.41,39.41,37.759998,39.310001,37.485592,10513700
10/8/2015,39.209999,40.029999,38.700001,39.740002,37.89563,8308100
10/9/2015,40.27,42.490002,40.25,42.419998,40.451241,16835500
10/12/2015,42.59,43.880001,42.549999,43.84,41.805347,11443300
10/13/2015,42.700001,43.970001,42.52,43.41,41.395309,13250300
10/14/2015,44,44.5,43.23,43.799999,41.7672,11125800
10/15/2015,44.099998,44.48,43.5,44.459999,42.39658,8185400
10/16/2015,43.950001,44.02,42.860001,43.709999,41.681377,11572900
10/19/2015,43.830002,44.490002,43.619999,44.450001,42.387035,8934600
10/20/2015,44.540001,45.18,44.450001,44.790001,42.71125,7610800
10/21/2015,44.490002,45.18,44.09,44.310001,42.253536,6935700
10/22/2015,44.889999,46.009998,44.360001,45.990002,43.855564,14444600
10/23/2015,46.369999,46.419998,43.810001,45.669998,43.550407,20281400
10/26/2015,45.360001,46.57,44.990002,46.470001,44.313286,11026200
10/27/2015,46.41,46.689999,45.650002,46.459999,44.303745,6824100
10/28/2015,46.200001,46.360001,45.23,45.860001,43.73159,7629700
10/29/2015,45.630001,46.099998,45.209999,45.860001,43.73159,5234400
10/30/2015,45.77,46.77,45.709999,46.220001,44.07489,8589700
11/2/2015,46.200001,46.82,46.200001,46.470001,44.313286,6189300
11/3/2015,47.02,47.09,46.080002,46.5,44.437519,6983200
11/4/2015,46.419998,46.450001,45.150002,45.630001,43.60611,8081400
11/5/2015,45.700001,45.830002,45.029999,45.599998,43.577442,5864700
11/6/2015,45.509998,45.970001,45.049999,45.34,43.328968,11669600
11/9/2015,45.169998,45.209999,44.560001,44.650002,42.669579,7214600
11/10/2015,44.66,45.16,44.02,44.490002,42.51667,5935300
11/11/2015,44.759998,44.950001,44.369999,44.389999,42.421104,4413000
11/12/2015,44.290001,44.52,43.82,43.900002,41.952843,5951100
11/13/2015,43.669998,44.23,43.119999,43.450001,41.5228,7486100
11/16/2015,42.41,42.84,41.849998,42.830002,40.930294,10201100
11/17/2015,43,43.459999,42.049999,42.299999,40.423801,9596500
11/18/2015,42.32,42.32,41.009998,41.75,39.898193,11071100
11/19/2015,41.939999,42.73,41.889999,42.299999,40.423801,6545500
11/20/2015,42.400002,42.709999,42.049999,42.200001,40.328239,5656000
11/23/2015,42.110001,42.740002,41.810001,42.299999,40.423801,4166100
11/24/2015,41.02,41.639999,40.450001,41.23,39.401268,7578000
11/25/2015,41.349998,41.5,40.959999,41.310001,39.477718,4276600
11/27/2015,41.380001,42.25,41.169998,41.689999,39.840855,3066600
11/30/2015,41.75,41.990002,40.98,41.259998,39.429932,6450900
12/1/2015,41.470001,43.299999,41.299999,43.259998,41.341228,8912900
12/2/2015,44.09,44.529999,43.529999,43.82,41.876389,8010400
12/3/2015,43.650002,44.599998,42.919998,43.27,41.350784,7235300
12/4/2015,43.82,44.990002,43.82,44.970001,42.97538,9460900
12/7/2015,45.349998,46.490002,45.220001,45.779999,43.749458,8911700
12/8/2015,45.099998,45.509998,44.07,44.549999,42.574013,9043700
12/9/2015,44.299999,45.189999,43.189999,43.650002,41.713928,8001000
12/10/2015,43.790001,44.48,43.540001,44.09,42.134415,7955600
12/11/2015,43.279999,43.59,42.060001,42.09,40.223125,10235200
12/14/2015,42.259998,42.869999,41.080002,41.77,39.917313,10750500
12/15/2015,41.970001,42.82,41.919998,42.599998,40.710499,7097300
12/16/2015,42.990002,43.490002,42.119999,43.200001,41.283894,7850900
12/17/2015,43.330002,43.950001,42.450001,42.459999,40.576702,7225000
12/18/2015,41.610001,42.310001,40.700001,41.09,39.267475,17810000
12/21/2015,41.349998,42.43,41.349998,42.400002,40.519363,6597500
12/22/2015,42.560001,43.080002,42.360001,42.900002,40.997196,5704700
12/23/2015,42.779999,43.389999,42.43,43.290001,41.369896,6093600
12/24/2015,43.27,44.189999,43.110001,43.810001,41.866829,3307000
12/28/2015,43.619999,44.040001,42.91,43.23,41.312561,4148000
12/29/2015,43.25,43.619999,43.029999,43.5,41.57058,4006900
12/30/2015,43.639999,43.639999,42.459999,42.799999,40.901638,5463600
12/31/2015,42.540001,42.57,41.830002,42.349998,40.471584,6813800
1/4/2016,41.290001,41.349998,40.299999,40.91,39.095459,12037200
1/5/2016,41.18,41.490002,39.950001,40.52,38.722759,10514200
1/6/2016,40.049999,41.700001,40,41.23,39.401268,12393800
1/7/2016,40.970001,41.52,39.68,40.450001,38.655865,11312900
1/8/2016,40.939999,41.360001,40.259998,40.369999,38.579414,8853100
1/11/2016,40.560001,41.200001,39.900002,41.080002,39.257919,15877500
1/12/2016,41.150002,42.360001,40.48,42,40.137112,12636000
1/13/2016,42.169998,42.740002,39.66,40.099998,38.321384,12718600
1/14/2016,40.209999,40.779999,38.860001,40.549999,38.751427,11756500
1/15/2016,39.040001,39.889999,38.369999,38.759998,37.040821,18924800
1/19/2016,39.59,39.779999,38.209999,38.860001,37.136387,10505900
1/20/2016,38.529999,39.849998,36.200001,39.060001,37.327518,16089100
1/21/2016,38.93,40,38.02,39.790001,38.025139,9781700
1/22/2016,40,40.720001,39.57,40.16,38.378727,7247000
1/25/2016,40.02,40.16,38.82,38.880001,37.155495,10113200
1/26/2016,38.73,39.75,38.439999,39.639999,37.881783,8099000
1/27/2016,40.150002,40.869999,39.48,39.689999,37.929577,10186000
1/28/2016,39.610001,39.790001,37.66,38.139999,36.448322,17112300
1/29/2016,37.52,39.09,36.599998,38.990002,37.26062,20957500
2/1/2016,39,39.939999,38.630001,39.380001,37.633324,12023500
2/2/2016,38.830002,38.970001,37,37.029999,35.387558,12401400
2/3/2016,37.380001,37.610001,35.759998,37.509998,35.846256,12390500
2/4/2016,37.34,38.599998,36.700001,38.209999,36.515221,8599600
2/5/2016,37.709999,38.490002,36.529999,36.75,35.119972,10072700
2/8/2016,36.080002,36.16,34.759998,35.549999,34.065899,12821900
2/9/2016,34.93,36.75,34.91,36.189999,34.679176,11143300
2/10/2016,36.57,37.639999,36.529999,37.119999,35.570358,8114100
2/11/2016,36.470001,37.220001,36.169998,36.490002,34.966652,8096000
2/12/2016,36.919998,37.98,36.419998,37.82,36.241131,9412800
2/16/2016,38.130001,38.77,37.529999,38.610001,36.998146,7147500
2/17/2016,38.950001,39.830002,38.869999,39.34,37.697681,8432500
2/18/2016,39.360001,39.68,38.959999,39.540001,37.889324,9605800
2/19/2016,39.16,40.07,39.040001,39.759998,38.10014,11052400
2/22/2016,40.139999,40.93,40.07,40.84,39.135056,9997300
2/23/2016,40.560001,40.810001,40.169998,40.380001,38.69426,6432200
2/24/2016,40.02,40.830002,39.389999,40.66,38.962563,6103700
2/25/2016,40.759998,41.380001,40.41,41.360001,39.633339,6936400
2/26/2016,41.5,41.599998,40.380001,40.869999,39.163807,7467200
2/29/2016,40.77,41.34,40.5,41,39.288376,5791300
3/1/2016,41.439999,42.02,41.060001,41.830002,40.083729,7885800
3/2/2016,41.470001,41.799999,41.290001,41.59,39.853745,7913700
3/3/2016,41.52,42.240002,41.23,41.880001,40.131641,8812800
3/4/2016,42.169998,42.169998,41.419998,41.630001,39.892071,9474100
3/7/2016,41.310001,42.23,40.900002,42.130001,40.371201,6959700
3/8/2016,41.299999,41.41,40.049999,40.77,39.067978,8418300
3/9/2016,40.740002,41.720001,40.52,41.650002,39.911243,8546300
3/10/2016,42.110001,42.110001,40.91,41.630001,39.892071,5814200
3/11/2016,41.889999,42.5,41.700001,42.470001,40.697006,5701500
3/14/2016,42.310001,42.700001,42.119999,42.59,40.811996,4568000
3/15/2016,42.299999,42.490002,41.98,42.110001,40.352036,4445400
3/16/2016,41.810001,42.43,41.59,42.310001,40.543686,4792900
3/17/2016,42.310001,42.310001,41.82,42.099998,40.342445,5960600
3/18/2016,42.310001,43.529999,41.75,43.439999,41.626507,13746000
3/21/2016,43.32,43.779999,43.279999,43.470001,41.655258,4756400
3/22/2016,42,43.02,41.84,42.759998,40.974892,6721600
3/23/2016,42.799999,42.860001,41.580002,41.919998,40.169964,9583400
3/24/2016,41.880001,41.950001,40.189999,40.5,38.809246,12515100
3/28/2016,41,41.34,40.330002,40.91,39.202126,6402800
3/29/2016,40.900002,41.43,40.77,41.349998,39.623768,6794000
3/30/2016,41.75,42.07,41.360001,41.380001,39.652504,6076800
3/31/2016,41.5,41.68,40.98,41.009998,39.297955,8138000
4/1/2016,40.130001,40.16,39.27,39.52,37.870163,11244100
4/4/2016,39.810001,40.240002,39.150002,39.369999,37.726418,7831200
4/5/2016,39.130001,39.380001,38.740002,38.93,37.304798,7648400
4/6/2016,39.07,39.07,38.34,38.900002,37.276043,5650000
4/7/2016,38.66,39.049999,37.91,38.360001,36.758595,8206700
4/8/2016,38.700001,38.720001,38.119999,38.5,36.892738,6087400
4/11/2016,38.790001,39.549999,38.669998,38.73,37.11314,7932300
4/12/2016,38.82,39.43,38.759998,39.189999,37.553936,6426000
4/13/2016,39.299999,40.009998,38.889999,39.939999,38.272629,12493500
4/14/2016,40.34,41.66,40.25,41.169998,39.451275,10133400
4/15/2016,41.299999,41.360001,40.720001,40.91,39.202126,6982200
4/18/2016,41.18,41.259998,40.439999,40.919998,39.211704,5245700
4/19/2016,40.990002,41.759998,40.970001,41.34,39.614174,6650200
4/20/2016,41.360001,41.709999,41.110001,41.259998,39.537514,5018200
4/21/2016,40.799999,40.93,39.799999,40.009998,38.339706,10782600
4/22/2016,37.68,38.490002,37.009998,38.209999,36.614849,20939500
4/25/2016,38.16,38.400002,36.919998,37,35.455368,12670100
4/26/2016,37.27,37.490002,36.259998,36.919998,35.3787,14692700
4/27/2016,36.790001,37.290001,36.52,36.709999,35.177471,12305000
4/28/2016,37.040001,37.09,35.889999,35.970001,34.468357,9836800
4/29/2016,35.810001,35.830002,34.099998,34.689999,33.241798,17807200
5/2/2016,34.990002,35.169998,34.400002,34.43,33.088036,8829800
5/3/2016,34.759998,34.77,33.849998,34.580002,33.232189,10674200
5/4/2016,34.169998,34.299999,33,33.209999,31.915579,13412400
5/5/2016,33.279999,33.52,32.73,32.810001,31.531176,11606100
5/6/2016,32.669998,33.150002,32.189999,33.029999,31.742596,12749100
5/9/2016,33.029999,33.799999,32.939999,32.939999,31.656103,9312500
5/10/2016,33.240002,33.799999,33.09,33.77,32.453762,8124400
5/11/2016,33.68,34.040001,32.849998,32.860001,31.579224,8148600
5/12/2016,33.009998,33.02,31.290001,31.33,30.108858,14228200
5/13/2016,31.09,32.009998,31.08,31.51,30.281843,10132500
5/16/2016,31.809999,32.299999,30.99,32.119999,30.868067,12397800
5/17/2016,32.25,33.290001,32.02,32.639999,31.367798,13303400
5/18/2016,32.610001,33.360001,32.34,32.610001,31.338974,9136300
5/19/2016,32.279999,32.59,31.690001,32.150002,30.896896,8875400
5/20/2016,32.299999,32.810001,31.950001,32.009998,30.762352,7278000
5/23/2016,32.029999,32.290001,31.700001,31.73,30.493275,6498400
5/24/2016,31.889999,32.279999,31.85,32.150002,30.896896,6962700
5/25/2016,32.389999,32.900002,32.099998,32.169998,30.916117,7401800
5/26/2016,32.130001,32.34,31.370001,31.51,30.281843,7222800
5/27/2016,31.6,31.84,31.41,31.65,30.416388,8573700
5/31/2016,31.75,31.969999,31.33,31.91,30.666256,9618700
6/1/2016,31.940001,32.259998,31.73,31.950001,30.704699,6415500
6/2/2016,31.67,32.07,31.58,31.67,30.435612,6813300
6/3/2016,31.59,31.6,30.370001,30.809999,29.609129,12424100
6/6/2016,30.77,31.299999,30.379999,31.26,30.041594,8335400
6/7/2016,31.459999,32.869999,31.1,32.360001,31.098719,12424200
6/8/2016,32.630001,32.970001,32.220001,32.509998,31.242865,8173100
6/9/2016,32.25,33.580002,32.25,33.400002,32.098175,8188300
6/10/2016,32.799999,33.48,32.639999,33.139999,31.848318,8252300
6/13/2016,32.990002,32.990002,31.639999,31.799999,30.560541,9225600
6/14/2016,31.809999,31.969999,30.02,30.360001,29.176674,13802900
6/15/2016,30.65,31.1,30.450001,30.49,29.301605,8152300
6/16/2016,29.799999,29.799999,29.02,29.139999,28.004219,18236700
6/17/2016,29.1,29.549999,28.85,29.34,28.196426,15301900
6/20/2016,29.75,30.389999,29.639999,29.709999,28.552002,8359300
6/21/2016,30.290001,30.389999,29.690001,30.02,28.849918,8922900
6/22/2016,30.049999,30.33,29.82,29.889999,28.724985,6675900
6/23/2016,30.25,30.49,29.77,30.33,29.147839,9139900
6/24/2016,28.200001,28.5,27.040001,27.049999,25.995678,36049900
6/27/2016,26.85,26.85,24.85,25.27,24.285059,23170100
6/28/2016,26.120001,26.879999,25.76,26.77,25.726595,20026100
6/29/2016,26.940001,28.07,26.940001,27.700001,26.620348,15008800
6/30/2016,27.860001,28.309999,27.49,28.309999,27.206572,11148300
7/1/2016,28.26,29.52,28.200001,29.33,28.186815,13250000
7/5/2016,29.09,29.16,28.190001,28.93,27.802402,9467000
7/6/2016,27.76,28.4,27.120001,28.35,27.245012,18757500
7/7/2016,28.389999,29.469999,28.309999,29.4,28.254084,11779800
7/8/2016,29.799999,30.280001,29.700001,30.040001,28.869144,13659300
7/11/2016,30.23,31.440001,30.219999,31.16,29.94549,12374400
7/12/2016,32.779999,34.889999,32.75,34.66,33.309067,25515700
7/13/2016,35,35.290001,34.119999,34.450001,33.107254,15215100
7/14/2016,35.110001,36.189999,35,35.880001,34.481522,16884400
7/15/2016,35.509998,36.060001,35.32,35.889999,34.491131,9817100
7/18/2016,36.029999,36.34,35.759998,36.029999,34.625675,8606800
7/19/2016,35.779999,36.080002,35.330002,36.009998,34.606449,7956300
7/20/2016,36.07,36.73,35.389999,35.919998,34.519962,13098400
7/21/2016,35.099998,35.560001,34.439999,34.959999,33.597382,16429900
7/22/2016,36.450001,36.560001,35.599998,36.360001,34.942806,14704700
7/25/2016,36.349998,36.400002,35.52,35.799999,34.404644,9526700
7/26/2016,35.91,36.68,35.650002,36.549999,35.125408,8871200
7/27/2016,36.5,36.599998,35.900002,36.200001,34.789047,6671200
7/28/2016,36.07,36.529999,35.75,36.34,34.923584,6518800
7/29/2016,36.259998,36.740002,35.5,35.5,34.116325,9138600
8/1/2016,35.540001,35.75,35.099998,35.599998,34.212429,7059000
8/2/2016,35.389999,35.400002,33.380001,33.509998,32.203888,12100400
8/3/2016,33.470001,33.959999,33.169998,33.48,32.27137,8254200
8/4/2016,33.57,33.77,33,33.580002,32.367756,6384700
8/5/2016,33.709999,34.720001,33.68,34.439999,33.196709,16437200
8/8/2016,34.220001,34.880001,34.119999,34.349998,33.109959,7142400
8/9/2016,35.209999,35.5,34.540001,34.59,33.341293,7307200
8/10/2016,34.59,34.75,33.740002,34.18,32.946095,5878400
8/11/2016,34.25,35.080002,34.240002,34.959999,33.697941,7665900
8/12/2016,34.740002,35.169998,34.66,34.919998,33.659378,6063900
8/15/2016,34.959999,36.049999,34.900002,35.869999,34.575085,7137200
8/16/2016,35.669998,36.790001,35.630001,36.75,35.423317,9385000
8/17/2016,36.68,36.75,36.189999,36.599998,35.278728,8002000
8/18/2016,36.43,36.700001,36.049999,36.669998,35.346203,5292900
8/19/2016,36.439999,36.740002,36.099998,36.490002,35.172703,6675300
8/22/2016,36.330002,36.48,35.860001,36,34.700397,5189400
8/23/2016,36.32,36.650002,36.18,36.400002,35.085953,5401700
8/24/2016,36.27,36.990002,36.189999,36.650002,35.326923,5945800
8/25/2016,36.34,36.939999,36.32,36.720001,35.394402,5446000
8/26/2016,36.68,36.84,36.02,36.23,34.922085,6257700
8/29/2016,36.130001,36.41,36.049999,36.169998,34.864246,4760700
8/30/2016,35.450001,37.349998,35.349998,37.049999,35.712482,14509300
8/31/2016,36.970001,36.98,35.630001,36.299999,34.989559,13111700
9/1/2016,36.529999,36.709999,35.880001,36.240002,34.931728,6940600
9/2/2016,36,36.700001,36,36.529999,35.211262,5429100
9/6/2016,36.450001,36.970001,36.360001,36.959999,35.625729,5501700
9/7/2016,37.5,39.52,37.419998,38.75,37.35112,13775000
9/8/2016,38.68,39.41,38.43,39.349998,37.929455,7101500
9/9/2016,39,39.34,38.169998,38.490002,37.100502,8623600
9/12/2016,37.220001,38.380001,36.619999,38.34,36.955921,11959800
9/13/2016,38.119999,38.310001,37.220001,37.369999,36.020927,9330300
9/14/2016,37,37.200001,36.25,36.389999,35.076305,8051800
9/15/2016,36.310001,36.630001,35.849998,36.41,35.095592,7793900
9/16/2016,36.259998,36.360001,35.470001,35.490002,34.208813,10724800
9/19/2016,35.66,36.110001,35.349998,35.439999,34.16061,5422300
9/20/2016,35.75,35.860001,35.130001,35.150002,33.881077,6666500
9/21/2016,35,35.150002,33.900002,34.669998,33.4184,10408200
9/22/2016,34.959999,36.029999,34.849998,35.25,33.977463,7438700
9/23/2016,35.299999,35.669998,34.959999,35.549999,34.266632,4603200
9/26/2016,35.189999,35.549999,34.860001,34.93,33.669018,7353500
9/27/2016,34.98,36.130001,34.900002,36,34.700397,5068900
9/28/2016,36.099998,36.860001,35.779999,35.84,34.546169,6291600
9/29/2016,35.650002,36.599998,35.599998,35.82,34.52689,6182700
9/30/2016,35.98,36.990002,35.860001,36.610001,35.288368,7429300
10/3/2016,36.459999,37.75,36.330002,37.700001,36.33902,8878900
10/4/2016,38.389999,38.779999,37.549999,37.630001,36.271545,9065600
10/5/2016,37.82,38.119999,37.310001,37.869999,36.502876,4713100
10/6/2016,37.830002,38.220001,37.57,38.169998,36.792057,5160200
10/7/2016,38.25,38.48,37.400002,37.73,36.367931,5133200
10/10/2016,37.950001,38.950001,37.470001,38.889999,37.486065,6939900
10/11/2016,39.990002,39.990002,38.060001,38.200001,36.820972,10034700
10/12/2016,38.119999,38.380001,37.360001,37.380001,36.030579,7410000
10/13/2016,36.950001,39.5,36.799999,39.240002,37.823433,14773300
10/14/2016,39.450001,39.919998,38.59,38.650002,37.254726,8871200
10/17/2016,38.66,39.73,38.369999,38.580002,37.187256,5602000
10/18/2016,38.84,39.889999,38.84,39.349998,37.929455,10538200
10/19/2016,39.48,40.810001,39.400002,40.630001,39.163246,12764200
10/20/2016,40.93,40.93,39.41,40.59,39.124687,14695900
10/21/2016,39.970001,40.240002,39.650002,39.900002,38.459606,9981500
10/24/2016,40.25,40.549999,39.77,39.830002,38.392132,6466300
10/25/2016,39.66,40.43,39.360001,39.689999,38.257183,6019900
10/26/2016,38.57,40.259998,38.209999,39.32,37.900536,10112300
10/27/2016,39.450001,40.18,39.259998,39.91,38.469246,6542100
10/28/2016,39.849998,40.57,39.799999,40.060001,38.613827,6710700
10/31/2016,40.310001,40.810001,40.080002,40.599998,39.134323,5961100
11/1/2016,40.509998,40.849998,39.57,39.799999,38.363213,9028700
11/2/2016,39.720001,40.25,39.619999,39.709999,38.276466,5274500
11/3/2016,39.779999,40.240002,39.299999,39.380001,38.054199,6006500
11/4/2016,39.27,40.220001,39.240002,39.740002,38.402084,6717500
11/7/2016,40.389999,41.650002,40.310001,41.490002,40.093163,8334200
11/8/2016,41.419998,41.849998,41.02,41.700001,40.296097,5725800
11/9/2016,40.759998,42.75,40.439999,42.41,40.982197,8392100
11/10/2016,42.709999,43.389999,42.150002,42.299999,40.875893,8665900
11/11/2016,42.07,42.950001,41.68,42.93,41.484684,6623500
11/14/2016,43.009998,43.610001,42.98,43.400002,41.938869,7773600
11/15/2016,45,45.279999,43.59,44.759998,43.253075,13166600
11/16/2016,44.66,44.799999,43.93,44.450001,42.95351,6167000
11/17/2016,44.389999,45.849998,44.049999,45.830002,44.287056,8558700
11/18/2016,46.150002,46.490002,45.619999,46.259998,44.702572,7795100
11/21/2016,46.459999,46.75,45.950001,46.080002,44.528629,6651400
11/22/2016,46.029999,46.950001,45.950001,46.080002,44.528629,5780600
11/23/2016,46.049999,46.389999,45.700001,46.34,44.779881,5160200
11/25/2016,46.34,46.860001,46.299999,46.82,45.243721,2426600
11/28/2016,46.639999,46.889999,45.66,46.5,44.934494,7369600
11/29/2016,46.59,47.139999,46.169998,46.889999,45.311359,4885400
11/30/2016,46.139999,46.860001,45.419998,46.439999,44.876507,7904200
12/1/2016,46.200001,47.09,45.66,45.75,44.209747,7435200
12/2/2016,46.09,46.860001,45.91,46.099998,44.547958,6505100
12/5/2016,46.450001,46.540001,45.580002,45.720001,44.180752,5256400
12/6/2016,46.16,46.549999,45.919998,46.43,44.866859,5334500
12/7/2016,46.610001,48.939999,46.52,48.650002,47.012112,10210300
12/8/2016,48.599998,48.599998,47.700001,48.049999,46.432304,6240000
12/9/2016,49.27,50.639999,48.740002,49.639999,47.968781,9850800
12/12/2016,49.16,49.34,47.439999,47.59,45.987793,8643500
12/13/2016,47.939999,48.490002,47.709999,47.84,46.229382,6147700
12/14/2016,47.84,48.75,47.810001,47.919998,46.306686,5293900
12/15/2016,48.099998,49.950001,48.099998,48.299999,46.673901,7530800
12/16/2016,48.610001,49.07,47.560001,47.630001,46.026459,9299700
12/19/2016,47.889999,48.599998,47.740002,48.580002,46.944469,4729900
12/20/2016,48.5,49.5,48.5,49.220001,47.562912,4814600
12/21/2016,49.34,49.900002,49.23,49.470001,47.804501,3827900
12/22/2016,49.349998,49.450001,48.459999,48.689999,47.050758,3618700
12/23/2016,48.610001,48.84,48.290001,48.48,46.847836,2914800
12/27/2016,48.290001,48.919998,48.139999,48.610001,46.973465,2797800
12/28/2016,48.73,48.830002,47.610001,47.669998,46.065102,4153600
12/29/2016,47.799999,48,46.959999,47.25,45.659241,3709300
12/30/2016,47.419998,47.66,46.470001,46.689999,45.118095,4495000
1/3/2017,47.279999,47.34,46.139999,46.299999,44.74123,6737800
1/4/2017,46.630001,47.439999,46.349998,46.700001,45.127762,5859600
1/5/2017,46.52,46.93,45.610001,45.889999,44.345032,6825300
1/6/2017,45.849998,46.720001,45.470001,46.209999,44.654259,7260200
1/9/2017,46.009998,47.34,45.779999,47.080002,45.494976,4739100
1/10/2017,47,48.509998,46.970001,48.48,46.847836,7483800
1/11/2017,49.290001,49.900002,48.099998,48.639999,47.002457,6925800
1/12/2017,48.669998,49,46.84,48.099998,46.480625,5447300
1/13/2017,48.16,48.43,47.540001,47.650002,46.045776,3541700
1/17/2017,47.560001,47.75,46.669998,46.75,45.176086,5350800
1/18/2017,47.400002,47.799999,46.650002,47.639999,46.036121,5176500
1/19/2017,47.639999,48.09,46.880001,47.259998,45.668907,3729300
1/20/2017,47.540001,48.16,47.240002,48,46.383991,5611800
1/23/2017,47.900002,48.09,46.75,46.939999,45.35968,4284200
1/24/2017,47.049999,47.799999,46.799999,47.540001,45.939484,4926700
1/25/2017,47.900002,48.209999,47.610001,47.91,46.297028,5075800
1/26/2017,48.43,49.709999,48.330002,49.59,47.920464,10332800
1/27/2017,50,50,46.720001,46.950001,45.369343,19411100
1/30/2017,45.619999,45.919998,43.860001,44.900002,43.388363,16786100
1/31/2017,44.790001,44.84,43.740002,44.25,42.760242,11719800
2/1/2017,44.75,45,43.91,44.049999,42.566978,7955500
2/2/2017,43.610001,44.52,43.57,44.009998,42.52832,7607700
2/3/2017,44.310001,44.549999,43.759998,44.200001,42.711933,6357900
2/6/2017,44.799999,45.599998,44.740002,45.299999,43.774891,6496100
2/7/2017,45.75,46.130001,45.009998,45.169998,43.649269,6120000
2/8/2017,45.259998,45.259998,44.509998,45.060001,43.54298,4329900
2/9/2017,45.07,46.599998,44.939999,46.299999,44.840744,7089900
2/10/2017,46.619999,46.700001,46.169998,46.450001,44.986023,4040600
2/13/2017,46.560001,47.779999,46.5,47.41,45.91576,6158600
2/14/2017,47.259998,47.279999,46.450001,46.57,45.10223,6271700
2/15/2017,47.59,48.049999,46.93,47.540001,46.041656,8394800
2/16/2017,47.5,47.650002,46.66,46.970001,45.489628,5681800
2/17/2017,46.830002,47.099998,46.43,46.91,45.431519,4581600
2/21/2017,47.009998,47.27,46.580002,46.810001,45.334671,4672000
2/22/2017,46.5,46.700001,45.869999,46.32,44.860107,5799600
2/23/2017,46.419998,47.32,45.889999,46.099998,44.647041,5247000
2/24/2017,46,46.299999,45.580002,46.279999,44.821369,4489600
2/27/2017,46.18,46.360001,45.68,46.32,44.860107,4130500
2/28/2017,46.32,46.720001,46.029999,46.360001,44.898846,4935600
3/1/2017,46.790001,48.139999,46.700001,47.09,45.605839,8278900
3/2/2017,46.669998,46.740002,45.639999,45.720001,44.279022,7590700
3/3/2017,45.849998,47.259998,45.77,46.82,45.344357,7256900
3/6/2017,46.41,46.68,44.380001,45.310001,43.881943,11336600
3/7/2017,45.02,45.23,44.560001,44.84,43.42675,4565300
3/8/2017,44.790001,45.299999,44.599998,44.889999,43.475182,5520400
3/9/2017,44.5,44.93,43.25,43.330002,41.964352,9330100
3/10/2017,43.459999,43.950001,42.970001,43.900002,42.516384,6842300
3/13/2017,43.73,44.119999,42.259998,42.369999,41.034603,8882300
3/14/2017,42.060001,42.099998,40.84,41.209999,39.911167,10208500
3/15/2017,40.5,42.189999,40.209999,42.09,40.763428,13986200
3/16/2017,42.18,42.349998,41.450001,42.130001,40.80217,7058300
3/17/2017,42,42.209999,41.599998,41.720001,40.405098,10185800
3/20/2017,42.18,42.419998,41.450001,41.700001,40.385731,6229800
3/21/2017,41.880001,41.98,40.34,40.419998,39.146061,7938700
3/22/2017,39.779999,40.549999,39.209999,40.349998,39.078274,9943000
3/23/2017,40.700001,41.860001,40.48,41.41,40.104862,9516600
3/24/2017,41.689999,42.07,41.419998,41.73,40.41478,6596600
3/27/2017,41.07,41.889999,40.560001,41.740002,40.424454,6050500
3/28/2017,41.830002,42.93,41.549999,42.599998,41.257359,6185800
3/29/2017,42.689999,42.759998,41.869999,41.959999,40.637524,5331400
3/30/2017,41.849998,42.639999,41.790001,42.540001,41.199249,3681400
3/31/2017,42.369999,42.939999,42.27,42.299999,40.966816,5427700
4/3/2017,42.330002,42.57,41.630001,42.450001,41.112087,5764700
4/4/2017,42.09,42.23,40.82,40.900002,39.610939,7254700
4/5/2017,41.150002,42.130001,41.060001,41.310001,40.008011,7012700
4/6/2017,41.400002,41.959999,41.16,41.720001,40.405098,3627600
4/7/2017,41.529999,42.099998,41.279999,41.810001,40.49226,4137000
4/10/2017,41.810001,42.669998,41.619999,42.32,40.986183,4650500
4/11/2017,42.779999,43.950001,42.41,43.93,42.545437,10269600
4/12/2017,44.790001,45.349998,43.830002,43.959999,42.57449,9991100
4/13/2017,43.950001,44.02,43.34,43.349998,41.983719,5504900
4/17/2017,43.470001,44.25,43.360001,44.23,42.835983,4563200
4/18/2017,44.029999,44.529999,43.400002,43.810001,42.429214,5808900
4/19/2017,44.07,44.779999,43.900002,44.400002,43.000622,6573400
4/20/2017,44.709999,45.380001,44.560001,45.220001,43.794788,4956500
4/21/2017,45.5,45.5,44.990002,45.150002,43.726986,5536000
4/24/2017,45.5,46.439999,45.470001,46.439999,44.976326,6335300
4/25/2017,46.799999,47.389999,46.380001,46.610001,45.140968,5960600
4/26/2017,46.509998,46.900002,46.240002,46.400002,44.937595,6027600
4/27/2017,43.91,44.209999,42.41,43.98,42.593864,18988600
4/28/2017,44.02,44.060001,42.560001,42.619999,41.276726,13358000
5/1/2017,42.759998,42.959999,42.009998,42.080002,40.753742,8591400
5/2/2017,42.060001,43.91,42.049999,43.869999,42.487324,9402500
5/3/2017,43.669998,44.169998,43.419998,43.919998,42.535755,5144300
5/4/2017,44.18,44.389999,43.200001,43.91,42.52607,4476100
5/5/2017,44,44.52,43.77,44.509998,43.107155,5462800
5/8/2017,44.599998,45.049999,44.52,44.939999,43.523602,6190700
5/9/2017,45.400002,47.299999,45.25,47.080002,45.596165,11116800
5/10/2017,47.029999,47.779999,46.669998,47.299999,45.809223,7379800
5/11/2017,47.209999,47.240002,45.650002,46.540001,45.073177,6086300
5/12/2017,46.259998,46.439999,45.73,45.830002,44.481136,3888700
5/15/2017,45.700001,46.990002,45.689999,46.68,45.306114,5534500
5/16/2017,46.790001,47.130001,44.740002,46.939999,45.558464,4627800
5/17/2017,46.25,46.560001,44.880001,44.919998,43.597908,6906700
5/18/2017,44.400002,45.400002,44.380001,44.650002,43.335857,6626700
5/19/2017,44.799999,45.380001,44.740002,45.220001,43.889084,6736700
5/22/2017,45.330002,46.25,45.330002,46.209999,44.849941,4428600
5/23/2017,46.27,46.689999,45.939999,46.66,45.286701,3008500
5/24/2017,46.740002,47.43,46.650002,46.77,45.393459,3885100
5/25/2017,46.990002,48.119999,46.82,48.02,46.606678,5441800
5/26/2017,47.790001,48.82,47.73,48.740002,47.305492,5979300
5/30/2017,48.32,48.580002,47.790001,47.959999,46.548443,5512900
5/31/2017,48.200001,48.48,47.529999,48.41,46.985195,4486100
6/1/2017,48.5,49.360001,48.299999,49.049999,47.606358,4421400
6/2/2017,49.560001,50.470001,49.369999,49.52,48.062534,7708600
6/5/2017,49.529999,49.950001,49.400002,49.740002,48.276054,5466700
6/6/2017,49.470001,50.099998,49.32,49.740002,48.276054,4473500
6/7/2017,49.439999,50.91,48.799999,50.860001,49.363094,7078400
6/8/2017,50.860001,51.869999,50.41,51.43,49.916313,6544300
6/9/2017,51.610001,51.950001,50.25,50.27,48.790455,7204300
6/12/2017,50.099998,50.220001,48.099998,49.48,48.023705,8597900
6/13/2017,49.560001,49.91,48.84,49.450001,47.994591,5153300
6/14/2017,49.639999,49.779999,48.889999,49.389999,47.936352,4027800
6/15/2017,49.139999,49.32,48.369999,49.110001,47.664597,4579600
6/16/2017,48.900002,49.450001,48.619999,48.790001,47.354012,6622100
6/19/2017,49.130001,49.720001,48.82,49.66,48.198406,4104300
6/20/2017,49.220001,49.360001,48.009998,48.029999,46.616383,6035100
6/21/2017,48.330002,48.639999,48.130001,48.43,47.004604,3469500
6/22/2017,50.5,50.560001,48.790001,48.970001,47.528717,9792100
6/23/2017,49,49.099998,48.470001,48.630001,47.198723,12682000
6/26/2017,48.810001,49.779999,48.540001,48.779999,47.344303,3992900
6/27/2017,48.599998,49.560001,48.5,48.5,47.072548,4264400
6/28/2017,48.82,49.799999,48.810001,49.25,47.800472,4259700
6/29/2017,49.279999,49.689999,48.82,49.619999,48.159588,6170100
6/30/2017,49.919998,50.509998,49.599998,50.32,48.838974,6618700
7/3/2017,50.779999,51.279999,50.369999,50.389999,48.906918,2906500
7/5/2017,50.439999,51.549999,50.18,51.259998,49.751316,5157500
7/6/2017,50.970001,52.580002,50.860001,52.049999,50.518059,7021400
7/7/2017,52.299999,53.380001,52.18,53.029999,51.469215,6597000
7/10/2017,52.98,53.16,52.23,52.66,51.110111,4600000
7/11/2017,52.580002,52.66,51.470001,51.610001,50.091015,4545700
7/12/2017,53.119999,53.830002,52.450001,53.799999,52.216557,8348400
7/13/2017,53.400002,54.48,53.150002,53.810001,52.226265,5346700
7/14/2017,53.799999,54.279999,53.34,54.220001,52.624199,4537900
7/17/2017,54.209999,54.279999,53.849998,53.869999,52.284496,3727400
7/18/2017,53.830002,53.84,53.02,53.150002,51.585686,4101400
7/19/2017,52.259998,53.189999,51.779999,52.610001,51.061584,5774700
7/20/2017,52.720001,52.779999,52.099998,52.34,50.799526,4836200
7/21/2017,52.130001,52.549999,51.450001,51.91,50.382183,4544400
7/24/2017,51.790001,52.029999,51.240002,51.279999,49.770725,4876400
7/25/2017,51.5,51.900002,50.549999,50.610001,49.120438,4484900
7/26/2017,50.630001,51.169998,50.009998,51.009998,49.508671,4776100
7/27/2017,50.34,50.34,48.75,50,48.5284,10260300
7/28/2017,49.02,50.669998,48.73,50.490002,49.003979,9153400
7/31/2017,50.849998,51.23,50.040001,50.439999,48.955444,6062900
8/1/2017,51.130001,52,50.32,51.060001,49.557205,5045300
8/2/2017,50.889999,51.18,49.900002,50.450001,48.965153,4679700
8/3/2017,50.560001,51.200001,50.360001,50.549999,49.062214,3231400
8/4/2017,50.669998,50.919998,50.389999,50.799999,49.304848,2993500
8/7/2017,50.82,51.130001,50.459999,50.580002,49.091328,3016700
8/8/2017,50.68,50.779999,49.889999,50,48.5284,4274400
8/9/2017,49.740002,49.919998,49.23,49.400002,47.94606,5020800
8/10/2017,49.029999,49.34,48.189999,48.549999,47.216656,5441400
8/11/2017,48.5,48.790001,47.439999,48.349998,47.022148,5610700
8/14/2017,48.860001,49.169998,48.5,48.810001,47.469517,2996500
8/15/2017,48.759998,49,48.349998,48.52,47.187481,3149600
8/16/2017,48.639999,48.73,48.27,48.41,47.080502,4187300
8/17/2017,48.25,48.34,45.799999,46.029999,44.765858,10304200
8/18/2017,46.299999,46.299999,45.439999,45.549999,44.299049,6242800
8/21/2017,45.73,46.09,45.41,45.709999,44.454651,4353900
8/22/2017,45.849998,45.93,45.330002,45.41,44.162888,4019700
8/23/2017,45.169998,45.240002,43.52,43.970001,42.762444,8159200
8/24/2017,44.130001,44.150002,42.669998,42.919998,41.741268,7057500
8/25/2017,43.09,45.43,43.009998,45.25,44.007286,11738400
8/28/2017,45.23,45.369999,44.779999,44.950001,43.715519,6969300
8/29/2017,44.529999,44.849998,44.380001,44.560001,43.336235,5195100
8/30/2017,44.540001,44.77,43.889999,44.32,43.102829,5472600
8/31/2017,44.540001,44.939999,44.43,44.740002,43.511299,3799600
9/1/2017,44.849998,45.470001,44.650002,45.310001,44.065643,4569400
9/5/2017,44.790001,45.279999,43.84,43.919998,42.71381,8501600
9/6/2017,43.09,44.68,42.610001,44.310001,43.093098,8796700
9/7/2017,44.189999,44.630001,43.529999,43.84,42.636005,5095000
9/8/2017,43.810001,44.110001,43.490002,43.599998,42.402607,4684600
9/11/2017,44.009998,46.09,44,45.860001,44.600536,7921600
9/12/2017,45.900002,46.48,45.630001,46.290001,45.018723,6325100
9/13/2017,46.349998,47.580002,46.099998,47,45.709225,7288200
9/14/2017,46.790001,46.939999,46.119999,46.189999,44.921471,5360500
9/15/2017,45.299999,46.040001,45.189999,46,44.736691,14846200
9/18/2017,46.02,46.299999,45.27,45.310001,44.065643,4601200
9/19/2017,45.279999,45.66,44.029999,44.380001,43.161182,6884600
9/20/2017,44.919998,45.560001,44.459999,45.419998,44.172615,4708100
9/21/2017,45.470001,46.57,44.990002,46.290001,45.018723,5864400
9/22/2017,46.57,47.459999,46.349998,47.060001,45.767574,5342000
9/25/2017,46.98,47.959999,46.889999,47.700001,46.390003,6363200
9/26/2017,47.84,48.259998,47.23,47.580002,46.2733,4706000
9/27/2017,47.099998,48.099998,46.630001,46.849998,45.563339,6183200
9/28/2017,46.779999,48.599998,46.779999,47.490002,46.185772,8367800
9/29/2017,47.490002,47.849998,47.23,47.490002,46.185772,4904300
10/2/2017,47.52,47.93,47.220001,47.73,46.41917,4911700
10/3/2017,47.66,50.59,47.630001,50.509998,49.122833,10261800
10/4/2017,50.5,51.669998,50.490002,50.73,49.336781,7454500
10/5/2017,50.849998,50.990002,50.259998,50.560001,49.171455,4212300
10/6/2017,50.700001,51.59,50.650002,51.299999,49.891129,4240500
10/9/2017,51.23,51.48,50.400002,50.599998,49.210361,3691500
10/10/2017,52,53.25,51.98,53.029999,51.573624,9387100
10/11/2017,53.099998,53.740002,52.330002,52.830002,51.37912,5396800
10/12/2017,52.720001,52.830002,52.34,52.650002,51.20406,2942800
10/13/2017,52.669998,52.860001,52.259998,52.700001,51.252674,2960300
10/16/2017,52.52,52.68,51.93,52.27,50.834488,3262300
10/17/2017,52.720001,52.82,51.869999,52.07,50.639988,3651200
10/18/2017,52.110001,52.439999,51.860001,52.029999,50.601082,2542400
10/19/2017,51.57,51.830002,49.630001,51.509998,50.095364,7568200
10/20/2017,51.560001,52.240002,51.529999,51.93,50.50383,3643400
10/23/2017,51.919998,51.950001,50.869999,50.98,49.579918,3456500
10/24/2017,51.02,52.099998,50.549999,51.950001,50.523285,3654900
10/25/2017,51.779999,51.779999,50.610001,51.02,49.618824,4658300
10/26/2017,52,53.189999,48.32,48.610001,47.275013,12079000
10/27/2017,48.41,48.889999,47.330002,47.560001,46.253845,8591500
10/30/2017,47.650002,47.669998,46.830002,47.25,45.952362,5402500
10/31/2017,47.220001,47.599998,46.790001,46.82,45.534168,4596600
11/1/2017,48,48.200001,47.369999,47.84,46.526154,4354500
11/2/2017,47.790001,47.93,47.09,47.360001,46.059334,2410700
11/3/2017,47.360001,47.610001,46.799999,47.450001,46.146862,4037100
11/6/2017,47.459999,48.099998,47.279999,47.509998,46.205215,4249500
11/7/2017,47.509998,47.540001,46.400002,46.459999,45.184059,3756400
11/8/2017,46.419998,46.98,45.84,46.369999,45.096527,3198800
11/9/2017,45.849998,46.349998,45.360001,45.77,44.512997,3561500
11/10/2017,45.639999,46.119999,45.560001,45.82,44.659203,2433000
11/13/2017,45.630001,45.860001,45.330002,45.740002,44.581238,1772400
11/14/2017,45.299999,45.970001,45.27,45.810001,44.649452,1827100
11/15/2017,45.709999,47.310001,45.450001,47.189999,45.994499,5223100
11/16/2017,47.259998,48.060001,47.240002,47.68,46.472084,4461400
11/17/2017,47.599998,47.75,47.189999,47.389999,46.189426,2324800
11/20/2017,47.330002,47.880001,47.119999,47.689999,46.481827,2436000
11/21/2017,47.889999,48.919998,47.540001,48.650002,47.417515,2796200
11/22/2017,48.580002,48.970001,48.27,48.66,47.427254,2326900
11/24/2017,48.66,48.759998,48.349998,48.560001,47.329788,1352400
11/27/2017,48.610001,48.830002,48.299999,48.419998,47.193333,2630800
11/28/2017,48.439999,49.419998,48.200001,49.220001,47.973072,3864100
11/29/2017,49.380001,51.16,48.66,49.25,48.002308,8154200
11/30/2017,49.759998,51.110001,49.299999,50.490002,49.210896,6016200
12/1/2017,49.669998,50.380001,48.689999,49,47.758644,6229600
12/4/2017,50.099998,51.470001,49.650002,49.93,48.665085,7113800
12/5/2017,49.849998,50,49.209999,49.470001,48.216736,3594000
12/6/2017,49.389999,49.810001,49.189999,49.610001,48.353188,2835500
12/7/2017,49.529999,50.919998,49.299999,50.880001,49.591019,3047000
12/8/2017,51.23,51.790001,50.93,51.02,49.72747,3817900
12/11/2017,50.779999,51.59,50.759998,51.299999,50.000374,2835600
12/12/2017,51.27,51.529999,50.380001,50.470001,49.191399,2798200
12/13/2017,50.580002,50.75,49.849998,50.09,48.821033,3035200
12/14/2017,50.59,51.360001,50.080002,50.209999,48.937984,4503100
12/15/2017,50.669998,51.5,50.400002,51.060001,49.766453,9074200
12/18/2017,51.25,51.66,51.25,51.490002,50.185558,3235900
12/19/2017,51.599998,51.810001,51.279999,51.439999,50.136822,3019800
12/20/2017,51.57,52.099998,51.169998,51.919998,50.604656,5172800
12/21/2017,52.16,53.470001,52.07,52.790001,51.452629,7125900
12/22/2017,52.720001,52.880001,52.419998,52.59,51.257698,2425100
12/26/2017,52.349998,53.220001,52.330002,52.849998,51.511105,2774000
12/27/2017,52.799999,52.880001,52.060001,52.400002,51.072506,2831400
12/28/2017,52.450001,52.630001,52.220001,52.459999,51.130989,1845300
12/29/2017,52.419998,52.82,52.009998,52.029999,50.711876,2696300
1/2/2018,52.330002,53.099998,51.900002,52.990002,51.647564,4084700
1/3/2018,52.860001,52.860001,52.060001,52.34,51.014034,5074900
1/4/2018,52.48,54.400002,52.27,52.669998,51.335663,3557100
1/5/2018,52.779999,52.84,52.43,52.650002,51.316174,2967800
1/8/2018,52.599998,52.639999,51.93,52.130001,50.809349,3515800
1/9/2018,52.970001,53.369999,52.009998,52.080002,50.760616,3426000
1/10/2018,53.23,54.02,52.880001,53.779999,52.417549,7655800
1/11/2018,54.490002,57,54.18,56.419998,54.990665,11339900
1/12/2018,56.560001,58.73,56.560001,58.470001,56.988731,7505800
1/16/2018,58.790001,59.080002,57.529999,57.98,56.511143,5283900
1/17/2018,58.310001,58.580002,57.799999,58.16,56.686584,3148900
1/18/2018,58,58.709999,57.560001,58.34,56.862026,3969100
1/19/2018,58.59,58.59,57.759998,58.060001,56.589115,3151200
1/22/2018,57.990002,58.34,57.529999,58.099998,56.628101,3553900
1/23/2018,57.740002,58.459999,57.400002,58.290001,56.81329,3337000
1/24/2018,54.349998,55.459999,53.450001,54.790001,53.401958,16348500
1/25/2018,54,54.549999,52.209999,53.049999,51.706039,10223100
1/26/2018,53.650002,53.900002,52.34,53.07,51.725533,7066100
1/29/2018,52.790001,53.16,52.59,52.68,51.345417,5953700
1/30/2018,52.450001,53.049999,52.360001,52.59,51.257698,4741800
1/31/2018,53.080002,54.709999,53,54.32,52.943859,5962900
2/1/2018,54,54.639999,53.59,53.880001,52.515022,3623100
2/2/2018,53.490002,53.990002,52.029999,52.099998,50.780102,5109400
2/5/2018,51.23,52.389999,49.75,49.759998,48.592655,6878300
2/6/2018,49.32,51.5,48.790001,51.18,49.979343,6782500
2/7/2018,50.91,51.98,50.889999,51.400002,50.194183,4845800
2/8/2018,51.439999,51.459999,48.509998,48.599998,47.459869,5995100
2/9/2018,49.700001,49.73,46.330002,48.360001,47.225502,6837800
2/12/2018,48.790001,50.509998,48.650002,50.09,48.914921,5437800
2/13/2018,49.700001,50.919998,49.639999,50.869999,49.676617,3758000
2/14/2018,50.240002,51.560001,50.110001,51.07,49.871925,4983200
2/15/2018,51.450001,51.880001,50.939999,51.669998,50.457844,3140800
2/16/2018,51.799999,52.209999,51.529999,51.580002,50.369957,3891300
2/20/2018,51.23,52.23,51.099998,51.720001,50.50668,3379700
2/21/2018,51.959999,53.860001,51.830002,52.779999,51.541801,5396700
2/22/2018,53.240002,53.41,52.700001,52.98,51.737114,4356700
2/23/2018,53.299999,53.48,52.720001,53.389999,52.137493,3394700
2/26/2018,53.990002,55.130001,53.919998,55,53.709728,4962100
2/27/2018,54.889999,55.599998,54.240002,54.259998,52.987083,4878400
2/28/2018,54.41,54.599998,53.639999,54.25,52.977322,4343800
3/1/2018,54.139999,55.310001,53.299999,53.48,52.225384,5895600
3/2/2018,52.900002,53.419998,51.869999,53.18,51.932426,4918200
3/5/2018,52.900002,53.689999,52.689999,53.189999,51.942192,3974800
3/6/2018,53.34,54.02,52.900002,53.57,52.313271,4273800
3/7/2018,53.119999,54.169998,53.040001,54.110001,52.840607,3216900
3/8/2018,54.330002,55.689999,54.279999,54.790001,53.504654,4189500
3/9/2018,55.049999,56.080002,54.650002,56.07,54.754627,3468900
3/12/2018,56.259998,56.970001,55.630001,56.5,55.174538,3256400
3/13/2018,56.860001,57.439999,56.029999,56.23,54.910873,4361800
3/14/2018,56.57,57.209999,55.16,55.279999,53.983154,4267000
3/15/2018,55.349998,55.560001,54.93,55.169998,53.87574,2980500
3/16/2018,55.310001,56.41,55.27,55.400002,54.100349,4574400
3/19/2018,55.330002,55.689999,54.189999,54.619999,53.338638,3834300
3/20/2018,54.93,55.700001,54.669998,55.32,54.022224,2555600
3/21/2018,54.209999,54.610001,53.169998,54.09,52.821075,4811600
3/22/2018,53.580002,54.18,52.290001,52.310001,51.082836,4871300
3/23/2018,52.630001,53.099998,50.990002,51.009998,49.813328,3966000
3/26/2018,51.939999,52.040001,50.639999,51.860001,50.643387,3210500
3/27/2018,52.299999,52.349998,50.549999,50.900002,49.70591,2940700
3/28/2018,50.900002,51.259998,50.049999,50.849998,49.657078,4177500
3/29/2018,51.299999,52.43,51.029999,51.959999,50.741047,3074100
4/2/2018,51.77,51.950001,48.959999,49.779999,48.612183,4185800
4/3/2018,50.23,51.549999,49.57,51.470001,50.262539,3863300
4/4/2018,50.599998,52.099998,50.509998,52.040001,50.819168,3955000
4/5/2018,52.5,53.080002,51.830002,52.139999,50.916821,3060900
4/6/2018,51.709999,51.959999,49.810001,50.290001,49.110222,4302600
4/9/2018,50.5,50.860001,49.740002,49.82,48.651249,4330100
4/10/2018,50.52,50.57,47.209999,47.459999,46.346611,12805000
4/11/2018,47.150002,47.459999,45.369999,45.400002,44.334938,10151100
4/12/2018,46.029999,46.799999,45.509998,46.57,45.477493,7040400
4/13/2018,46.75,47.049999,45.75,45.869999,44.793911,5226300
4/16/2018,46.130001,46.939999,45.810001,46.400002,45.311485,4516300
4/17/2018,46.75,47.029999,45.619999,45.75,44.676727,6961100
4/18/2018,46.5,48.380001,46.049999,47.759998,46.639576,9170700
4/19/2018,47.529999,47.77,46.41,46.880001,45.78022,5759300
4/20/2018,46.91,47.240002,46.439999,46.779999,45.682564,5344700
4/23/2018,46.849998,47.189999,46.119999,46.68,45.584908,4221700
4/24/2018,46.720001,47.169998,45.110001,45.689999,44.618134,3954300
4/25/2018,45.669998,45.93,43.889999,45.25,44.188457,7847600
4/26/2018,43.490002,43.799999,40.650002,42.369999,41.376022,20517300
4/27/2018,42.549999,43.48,42.330002,43.400002,42.381863,6955200
4/30/2018,43.5,43.810001,42.759998,42.93,41.922886,6472900
5/1/2018,42.860001,43.459999,42.560001,43.360001,42.3428,5341200
5/2/2018,43.23,43.41,42.189999,42.240002,41.249073,6314400
5/3/2018,42.25,42.490002,41.540001,42.110001,41.12212,4700500
5/4/2018,41.75,43.450001,41.75,42.860001,41.854523,5540900
5/7/2018,42.919998,43.23,42.119999,42.439999,41.541306,5331000
5/8/2018,42.330002,44.009998,42.330002,43,42.089447,7766600
5/9/2018,42.93,43.16,41.470001,41.5,40.621208,8273700
5/10/2018,41.509998,42.459999,41.509998,42.040001,41.149776,7931600
5/11/2018,42.080002,42.66,42.02,42.599998,41.697906,6066700
5/14/2018,42.75,43.09,42.200001,42.459999,41.560875,4201600
5/15/2018,42.02,43.400002,41.599998,43.189999,42.275417,6909600
5/16/2018,43.130001,44.91,43.040001,44.060001,43.126995,7493600
5/17/2018,43.900002,44.509998,43.490002,43.630001,42.706104,5334100
5/18/2018,43.560001,43.759998,43.040001,43.380001,42.461395,4216100
5/21/2018,43.740002,44.790001,43.630001,44.279999,43.342335,4930200
5/22/2018,44.5,45.040001,42.830002,42.880001,41.971989,6892400
5/23/2018,42.639999,42.869999,42.27,42.799999,41.893681,3915900
5/24/2018,42.939999,43.889999,42.759998,43.560001,42.637585,3855300
5/25/2018,43.82,45.82,43.799999,44.91,43.959,6517300
5/29/2018,44.599998,45.150002,43.220001,43.59,42.66695,4531800
5/30/2018,43.68,43.830002,42.66,43.299999,42.383095,5457900
5/31/2018,43.400002,44.709999,42.970001,43.540001,42.618008,8540100
6/1/2018,44.049999,44.09,43.349998,44,43.068268,5472300
6/4/2018,44.040001,45.009998,43.959999,44.860001,43.910053,5685200
6/5/2018,44.779999,45.02,43.810001,44.18,43.244453,4975300
6/6/2018,43.450001,44.23,42.880001,44.189999,43.254246,6502500
6/7/2018,44.279999,44.48,43.450001,43.84,42.911652,3729000
6/8/2018,43.959999,43.970001,42.959999,43.110001,42.197121,6273000
6/11/2018,43.25,44.93,43.25,44.16,43.22488,6440700
6/12/2018,44.23,44.299999,43.09,43.41,42.490765,5204600
6/13/2018,43.389999,43.689999,42.830002,42.919998,42.011139,5989000
6/14/2018,43.060001,43.490002,42.799999,43.080002,42.167751,4019300
6/15/2018,43.060001,43.110001,42.32,42.77,41.864311,7032000
6/18/2018,42.630001,42.68,41.939999,42.439999,41.541306,5372100
6/19/2018,42.029999,42.209999,41.09,41.509998,40.630993,5575300
6/20/2018,41.650002,42.34,41.349998,42.029999,41.13998,4930600
6/21/2018,42.029999,42.5,41.369999,41.490002,40.611416,5025300
6/22/2018,41.459999,42.41,41.02,41.349998,40.474384,9115100
6/25/2018,41.09,41.27,39.290001,39.68,38.839748,7126400
6/26/2018,39.869999,39.959999,38.990002,39.09,38.262241,6037400
6/27/2018,39.09,39.18,38.25,38.259998,37.449814,7391600
6/28/2018,38.330002,38.529999,37.060001,38.200001,37.391087,7909700
6/29/2018,38.25,38.75,37.82,37.959999,37.156166,6032100
7/2/2018,37.740002,38.400002,37.439999,38.360001,37.547699,3363500
7/3/2018,37.639999,38.330002,36.759998,37.75,36.950611,5645300
7/5/2018,37.849998,38.18,37.52,37.990002,37.185532,6181500
7/6/2018,38.189999,38.389999,37.759998,38.09,37.283417,3695000
7/9/2018,38.209999,39.41,38.07,39.310001,38.477581,4530400
7/10/2018,39.380001,39.400002,38.5,39.119999,38.291607,4910000
7/11/2018,38.310001,38.34,35.900002,35.959999,35.198517,24894200
7/12/2018,36.400002,36.77,35.639999,36.330002,35.560692,12226300
7/13/2018,36.310001,37.259998,36.139999,37.119999,36.333958,10829800
7/16/2018,37.259998,37.580002,36.93,37.279999,36.490562,5358400
7/17/2018,37.099998,38.049999,37.080002,37.380001,36.588451,6274400
7/18/2018,38,39.200001,38,38.369999,37.557487,10297400
7/19/2018,38.32,38.380001,37.549999,38.130001,37.322567,4985200
7/20/2018,37.959999,38.380001,37.810001,37.880001,37.077866,5302700
7/23/2018,37.650002,38.220001,37.360001,38.040001,37.23447,4697300
7/24/2018,38.189999,38.389999,37.040001,37.450001,36.656967,6415100
7/25/2018,37.32,38.34,37.32,38.189999,37.38129,7336300
7/26/2018,37.849998,40.450001,37.599998,40.02,39.172543,12832300
7/27/2018,39.93,40.860001,39.509998,39.689999,38.849537,8445100
7/30/2018,39.880001,40.290001,38.93,38.970001,38.144787,5746200
7/31/2018,39.259998,39.869999,39.139999,39.540001,38.702713,5761100
8/1/2018,39.380001,39.470001,37.689999,38.139999,37.332352,7080700
8/2/2018,37.860001,38.119999,37.349998,37.93,37.126808,5920700
8/3/2018,38.060001,38.619999,38.049999,38.419998,37.606426,3975100
8/6/2018,38.259998,38.490002,37.869999,38.41,37.694748,3339900
8/7/2018,38.650002,38.740002,38.189999,38.259998,37.547546,6427100
8/8/2018,38.41,38.860001,38.220001,38.380001,37.66531,3886500
8/9/2018,38.549999,38.740002,37.889999,37.919998,37.213875,3699400
8/10/2018,37.75,37.790001,36.450001,37.259998,36.566162,7481700
8/13/2018,37.290001,37.330002,36.68,36.790001,36.104923,4051800
8/14/2018,36.84,37.560001,36.830002,37.09,36.39933,3873000
8/15/2018,36.959999,37.509998,36.419998,37.439999,36.742813,5599200
8/16/2018,37.75,38.459999,37.439999,38.16,37.449406,5876500
8/17/2018,37.990002,38.209999,37.720001,37.790001,37.086296,6364900
8/20/2018,38.040001,40.099998,37.990002,39.990002,39.245331,9628900
8/21/2018,39.98,40.709999,39.84,40.330002,39.579002,6491800
8/22/2018,40.080002,40.189999,39.139999,39.189999,38.460224,5593100
8/23/2018,39.189999,39.389999,38.720001,38.830002,38.106934,3931900
8/24/2018,38.900002,39.150002,38.529999,38.82,38.097118,3561700
8/27/2018,39.02,39.82,39.02,39.52,38.784081,11236000
8/28/2018,39.669998,40.700001,39.599998,40.689999,39.932293,7373500
8/29/2018,40.66,41.040001,40.25,40.5,39.745838,4475100
8/30/2018,40.360001,40.84,40.150002,40.400002,39.647701,4330100
8/31/2018,40.25,40.549999,40.18,40.48,39.726212,3464000
9/4/2018,40.32,41.34,40.32,40.77,40.010807,7123200
9/5/2018,40.810001,41.369999,38.880001,39.669998,38.931286,9738800
9/6/2018,39.48,39.689999,38.25,38.48,37.763454,6917300
9/7/2018,38.310001,39.27,38.150002,38.43,37.714375,4875700
9/10/2018,38.66,39.490002,38.490002,39.43,38.695755,3901000
9/11/2018,39.330002,40.310001,39.07,40.18,39.431789,5863600
9/12/2018,40.259998,40.400002,39.23,39.259998,38.528919,6103400
9/13/2018,39.490002,40.060001,39.419998,39.48,38.744827,4268900
9/14/2018,39.540001,39.970001,39.32,39.740002,38.999985,2905100
9/17/2018,39.700001,40.549999,39.700001,40.32,39.569187,5072800
9/18/2018,40.360001,40.860001,39.650002,40.790001,40.030434,5548300
9/19/2018,40.790001,41.77,40.700001,41.599998,40.825348,7413600
9/20/2018,41.82,42.169998,41.189999,41.889999,41.109951,6865600
9/21/2018,42.040001,43.889999,41.990002,43.599998,42.788105,10743100
9/24/2018,43.27,43.299999,41.849998,41.98,41.198277,7105100
9/25/2018,42,42.189999,40.27,40.810001,40.050064,6744200
9/26/2018,40.84,41.48,40.779999,41.040001,40.275776,4623700
9/27/2018,41.23,42.200001,41.150002,41.5,40.727211,5654600
9/28/2018,41.369999,41.959999,40.700001,41.330002,40.560375,5030600
10/1/2018,41.41,41.75,39.599998,39.610001,38.872406,7210700
10/2/2018,39.599998,39.599998,38.400002,38.5,37.783073,7625000
10/3/2018,38.700001,39.259998,38.419998,38.799999,38.077488,6370300
10/4/2018,38.799999,39.009998,37.48,37.919998,37.213875,5916500
10/5/2018,37.93,38.130001,36.209999,36.439999,35.76144,9127000
10/8/2018,36.439999,36.849998,35.599998,35.900002,35.231495,7879300
10/9/2018,36.299999,36.389999,33.41,33.549999,32.925255,19662600
10/10/2018,33.330002,33.400002,31.59,31.610001,31.021378,20539000
10/11/2018,32.299999,32.75,30.75,31.27,30.687708,17115800
10/12/2018,31.969999,32.130001,30.809999,30.91,30.334414,12905200
10/15/2018,31,32.240002,30.82,31.780001,31.188213,11092500
10/16/2018,32.060001,33.439999,31.98,33.279999,32.660275,11339200
10/17/2018,34.450001,35.400002,33.529999,33.57,32.944881,15068600
10/18/2018,33.580002,33.759998,31.870001,32.060001,31.462997,12778300
10/19/2018,32.09,32.650002,31.809999,32.040001,31.443371,10445200
10/22/2018,32.27,32.52,31.82,32.16,31.561134,7572100
10/23/2018,31.530001,32.439999,30.6,32.380001,31.777035,12468300
10/24/2018,32.48,32.75,30.24,30.34,29.77503,15348200
10/25/2018,31.190001,33.330002,31.120001,32.369999,31.767227,18375200
10/26/2018,31.4,33.009998,31.299999,32.459999,31.855547,11438600
10/29/2018,33.139999,33.990002,31.950001,32.599998,31.992937,9405500
10/30/2018,32.439999,34.779999,32.330002,34.66,34.014587,13067600
10/31/2018,35.16,35.900002,34.810001,35.080002,34.426765,11132800
11/1/2018,35.299999,36.470001,35.07,36.369999,35.692738,9643200
11/2/2018,36.59,37.459999,35.639999,36.330002,35.653484,10039100
11/5/2018,36.349998,36.52,35.130001,35.720001,35.151604,11305300
11/6/2018,35.599998,35.959999,34.84,35.169998,34.610352,11376700
11/7/2018,35.57,37.389999,35.48,36.970001,36.381714,10904000
11/8/2018,36.77,37.049999,35.970001,36.860001,36.27346,6884800
11/9/2018,36.700001,37.259998,36.029999,36.220001,35.643646,6794400
11/12/2018,36.310001,37.299999,35.779999,36.860001,36.27346,9360800
11/13/2018,37.150002,38.419998,37.099998,37.779999,37.178822,9694100
11/14/2018,38,38.59,37.450001,38.110001,37.503571,7288400
11/15/2018,37.869999,38.16,36.310001,37.82,37.218182,8296700
11/16/2018,37.400002,37.529999,36.5,36.75,36.165215,10645700
11/19/2018,36.759998,37.080002,35.310001,35.82,35.250008,9421000
11/20/2018,35.049999,36.389999,34.860001,35.59,35.023666,7059600
11/21/2018,36.09,37.509998,35.970001,36.310001,35.732216,8701500
11/23/2018,36.66,38.27,36.66,37.950001,37.346115,6121300
11/26/2018,38.299999,38.619999,37.700001,38.099998,37.493729,9203100
11/27/2018,38.209999,38.77,37.810001,38.290001,37.680706,8143000
11/28/2018,38.59,38.970001,37.779999,38.939999,38.320362,6673800
11/29/2018,38.799999,39.34,38.400002,38.419998,37.808636,5178100
11/30/2018,38.419998,40.200001,38.419998,40.16,39.520947,10015700
12/3/2018,40.57,40.580002,39.139999,39.650002,39.019066,6578000
12/4/2018,38.82,39.209999,36.669998,36.689999,36.106167,12315100
12/6/2018,36,37.099998,35.790001,36.939999,36.352188,9378900
12/7/2018,36.580002,36.599998,33.380001,33.57,33.035812,14380100
12/10/2018,33.669998,34.169998,32.610001,33.84,33.301517,8569100
12/11/2018,34.360001,34.810001,33.610001,34.099998,33.557381,8055400
12/12/2018,34.549999,34.790001,34.09,34.349998,33.803398,7630500
12/13/2018,34.299999,34.689999,32.380001,32.459999,31.943472,10279700
12/14/2018,32.27,33.27,32.080002,32.41,31.894272,8558600
12/17/2018,32.299999,32.860001,31.700001,32.040001,31.530159,7638100
12/18/2018,32.470001,33.650002,32.470001,33.540001,33.00629,9117600
12/19/2018,33.459999,33.98,32.23,32.419998,31.904112,8120500
12/20/2018,32.34,32.68,30.950001,31.889999,31.382545,9439600
12/21/2018,31.950001,32.650002,30.65,30.780001,30.290211,11800600
12/24/2018,30.51,30.92,29.67,29.719999,29.247076,5902000
12/26/2018,30.120001,32.330002,29.59,32.290001,31.776182,8621300
12/27/2018,31.709999,32.049999,30.870001,32.040001,31.530159,7751300
12/28/2018,32.169998,32.599998,31.51,31.83,31.323502,6379400
12/31/2018,32.09,32.619999,31.68,32.110001,31.599047,5334700
1/2/2019,31.459999,32.650002,31.049999,32.48,31.963156,5229500
1/3/2019,31.690001,31.85,28.809999,30.059999,29.581665,16822000
1/4/2019,30.440001,32.09,30.4,32.040001,31.530159,9369600
1/7/2019,31.99,33.48,31.24,32.950001,32.425678,8010700
1/8/2019,33.360001,33.650002,32.200001,32.419998,31.904112,7107700
1/9/2019,32.419998,33.549999,32.299999,33.419998,32.888203,6179400
1/10/2019,30.620001,32.209999,29.780001,32.040001,31.530159,19726300
1/11/2019,31.799999,31.99,31.1,31.799999,31.293978,6900100
1/14/2019,31.4,31.93,30.700001,31.709999,31.20541,5878500
1/15/2019,31.879999,32.860001,31.629999,32.099998,31.589205,7643100
1/16/2019,32.82,33.669998,32.740002,32.84,32.317425,9141600
1/17/2019,32.75,33.889999,32.630001,33.580002,33.045658,5917500
1/18/2019,33.84,34.040001,33.150002,33.970001,33.429451,5817700
1/22/2019,33.759998,33.880001,32.450001,32.740002,32.219025,14598200
1/23/2019,32.93,33.099998,31.389999,31.65,31.146366,14317900
1/24/2019,34.259998,34.349998,32.830002,33.66,33.124382,15531100
1/25/2019,33.939999,35.5,33.759998,34.98,34.42337,15811300
1/28/2019,34.529999,36.619999,34.5,36.57,35.988075,14843500
1/29/2019,36.759998,37.080002,36.07,36.290001,35.712532,8744300
1/30/2019,36.43,36.68,36.169998,36.34,35.761734,7435600
1/31/2019,36.310001,36.549999,35.549999,35.77,35.200806,7706600
2/1/2019,35.77,36.59,35.77,36.110001,35.535397,6611900
2/4/2019,36.16,36.810001,36.119999,36.779999,36.194729,9089300
2/5/2019,36.810001,37.23,36.700001,36.93,36.441425,6003200
2/6/2019,36.799999,37.09,36.610001,36.759998,36.273674,5802800
2/7/2019,36.459999,36.700001,35.939999,36.169998,35.691479,5857300
2/8/2019,35.799999,36.23,35.389999,36,35.523727,4973300
2/11/2019,36.080002,36.720001,36.080002,36.59,36.105919,4932600
2/12/2019,36.759998,37.169998,35.669998,35.75,35.277035,6883200
2/13/2019,35.830002,36.459999,35.810001,36.209999,35.730946,5837900
2/14/2019,35.91,36.529999,35.669998,36.110001,35.632275,4070000
2/15/2019,36.240002,36.34,34.959999,35.049999,34.586292,11471900
2/19/2019,35.029999,35.900002,35,35.470001,35.00074,6436100
2/20/2019,35,35.240002,34.77,35.060001,34.596169,6969900
2/21/2019,34.98,35.509998,34.830002,34.98,34.51722,5900700
2/22/2019,35,35.549999,35,35.490002,35.020477,5393300
2/25/2019,35.75,36.380001,35.669998,35.900002,35.425053,10905900
2/26/2019,35.900002,36.73,35.75,36.25,35.77042,7565000
2/27/2019,36.110001,36.330002,35.27,35.689999,35.217831,5874900
2/28/2019,35.630001,35.889999,35.169998,35.630001,35.158627,7873800
3/1/2019,35.580002,35.959999,34.369999,34.639999,34.181717,8654000
3/4/2019,34.759998,34.889999,33.5,33.720001,33.273895,6998100
3/5/2019,34.029999,34.380001,33.169998,33.23,32.790375,7405700
3/6/2019,33.220001,33.419998,32.52,32.759998,32.326591,6420800
3/7/2019,32.700001,32.700001,31.620001,32.220001,31.793737,7112400
3/8/2019,31.9,32.119999,31.370001,31.91,31.487839,6200500
3/11/2019,31.639999,32.27,31.57,32.049999,31.625986,8944000
3/12/2019,32.189999,32.189999,30.879999,30.92,30.510935,10887500
3/13/2019,31.219999,31.93,31,31.84,31.418764,11092900
3/14/2019,31.959999,32.470001,31.879999,32.130001,31.704929,6454500
3/15/2019,32.279999,32.349998,31.42,31.43,31.014191,9645100
3/18/2019,31.5,31.58,31.030001,31.379999,30.964848,6832700
3/19/2019,31.5,32.119999,31.379999,31.59,31.172075,6824500
3/20/2019,31.5,31.549999,30.77,30.959999,30.550406,6250200
3/21/2019,30.889999,31.77,30.790001,31.450001,31.033924,5725100
3/22/2019,31.32,31.440001,30.530001,30.57,30.165567,7488900
3/25/2019,30.530001,30.719999,30.16,30.209999,29.810328,5172000
3/26/2019,30.51,30.620001,29.969999,30.209999,29.810328,4583400
3/27/2019,30.27,31.200001,30.15,30.940001,30.530674,6406900
3/28/2019,31.01,31.370001,30.440001,30.9,30.491201,6687200
3/29/2019,31.139999,31.889999,30.84,31.76,31.339823,6980800
4/1/2019,31.98,32.73,31.700001,32.349998,31.922018,7438200
4/2/2019,33.040001,33.470001,32.459999,32.990002,32.553555,10406100
4/3/2019,33.220001,33.990002,33.209999,33.709999,33.264023,10014300
4/4/2019,33.959999,34.119999,33.349998,33.93,33.481113,6192300
4/5/2019,33.970001,34.400002,33.880001,34.060001,33.609398,5164700
4/8/2019,33.639999,33.950001,33.439999,33.880001,33.431778,6219800
4/9/2019,33.369999,33.52,32.599998,33.310001,32.86932,8119100
4/10/2019,33.759998,34.130001,33.09,34.02,33.569923,7159500
4/11/2019,33.990002,34.970001,33.91,34.810001,34.349472,7352400
4/12/2019,34.990002,35.240002,34.5,34.689999,34.23106,4610500
4/15/2019,34.650002,35.240002,33.68,33.75,33.303493,6390600
4/16/2019,33.959999,34.09,33.59,34.029999,33.579792,4498400
4/17/2019,34.450001,34.720001,34.099998,34.380001,33.925163,3772100
4/18/2019,34.43,34.619999,33.900002,34.369999,33.915291,3318200
4/22/2019,34.099998,34.200001,33.419998,33.48,33.037071,3884200
4/23/2019,33.43,34.18,33.419998,33.970001,33.520588,3329800
4/24/2019,33.919998,34.490002,33.900002,33.990002,33.540321,3739800
4/25/2019,34.049999,34.25,33.130001,33.41,32.967995,6156500
4/26/2019,32.150002,33.919998,32.099998,33.060001,32.622623,9623100
4/29/2019,33.509998,33.990002,33.310001,33.77,33.323235,5558200
4/30/2019,33.779999,34.389999,33.549999,34.18,33.727806,5719600
5/1/2019,34.299999,34.59,33.880001,33.91,33.46138,4466600
5/2/2019,33.959999,34.849998,33.84,33.950001,33.500851,5320300
5/3/2019,34.209999,34.900002,34.150002,34.790001,34.329735,5181400
5/6/2019,34.25,34.77,33.720001,34.75,34.290264,4156800
5/7/2019,34.25,34.330002,33.41,33.91,33.557949,6957800
5/8/2019,33.700001,34.380001,33.560001,33.75,33.399609,4374100
5/9/2019,33.389999,34.02,33.060001,33.950001,33.597534,4500100
5/10/2019,33.720001,34.189999,32.939999,33.990002,33.637119,4949800
5/13/2019,33.16,33.200001,31.98,32.139999,31.806324,7040900
5/14/2019,32.189999,32.650002,32.009998,32.34,32.004253,5503900
5/15/2019,32.029999,32.419998,31.549999,32.16,31.826118,4518600
5/16/2019,32.200001,32.900002,32.02,32.32,31.984455,4739700
5/17/2019,32.029999,32.360001,31.690001,31.74,31.410479,4751600
5/20/2019,30.65,31.219999,30.219999,30.959999,30.638575,7576200
5/21/2019,31.209999,31.639999,31.129999,31.299999,30.975046,4986900
5/22/2019,31.23,31.23,29.809999,29.92,29.609373,10258700
5/23/2019,29.73,29.98,29.309999,29.5,29.193733,11324600
5/24/2019,29.690001,29.940001,28.98,29.17,28.867161,5764000
5/28/2019,29.26,29.32,28.5,28.73,28.431726,8362800
5/29/2019,28.51,28.549999,27.92,28.41,28.115049,6248100
5/30/2019,28.5,28.75,27.99,28.17,27.877541,4734100
5/31/2019,27.799999,27.92,27.110001,27.23,26.9473,7441400
6/3/2019,27.120001,27.809999,27.02,27.200001,26.917614,6796300
6/4/2019,27.629999,29.309999,27.5,29.120001,28.81768,10218500
6/5/2019,29.76,30.450001,29.459999,30.360001,30.044806,8713700
6/6/2019,30.4,30.51,29.879999,30.379999,30.064598,5507600
6/7/2019,30.59,31.15,30.43,30.92,30.598991,4843600
6/10/2019,31.15,31.719999,30.719999,30.76,30.440653,5449400
6/11/2019,31.1,31.290001,30.51,30.58,30.262522,3461800
6/12/2019,30.559999,31.129999,30.450001,31.1,30.777122,5185700
6/13/2019,31.690001,33.32,31.41,33.09,32.746464,10856500
6/14/2019,32.970001,33.200001,32.220001,32.68,32.340721,6128000
6/17/2019,32.099998,32.919998,32.099998,32.560001,32.221966,3420700
6/18/2019,32.779999,33.299999,32.419998,32.52,32.182381,3789300
6/19/2019,32.720001,33.299999,32.509998,33.209999,32.865215,5535500
6/20/2019,33.66,33.810001,31.9,32.150002,31.816223,8969200
6/21/2019,32.029999,32.389999,31.51,31.57,31.242243,7481800
6/24/2019,31.57,31.889999,31.309999,31.82,31.489649,8425700
6/25/2019,31.83,32.110001,31.24,31.26,30.935461,6523600
6/26/2019,31.48,31.719999,31.07,31.459999,31.133385,4089700
6/27/2019,31.559999,32.549999,31.42,32.150002,31.816223,4274500
6/28/2019,32.23,32.73,32.16,32.610001,32.27145,5238500
7/1/2019,33.139999,33.66,32.529999,32.880001,32.538643,8985600
7/2/2019,33.09,33.209999,32.029999,32.189999,31.855803,4765100
7/3/2019,32.400002,32.849998,32.349998,32.720001,32.380302,2747700
7/5/2019,32.540001,32.830002,31.950001,32.459999,32.123001,2583900
7/8/2019,31.99,32.919998,31.98,32.790001,32.449577,5328800
7/9/2019,32.400002,32.75,31.93,32.360001,32.024044,5450600
7/10/2019,32.93,33.689999,32.59,32.939999,32.598019,8869700
7/11/2019,33.060001,33.299999,32.82,33.029999,32.687084,6842900
7/12/2019,33.119999,33.900002,33,33.779999,33.429295,5012200
7/15/2019,33.669998,33.950001,33.419998,33.610001,33.261066,3483600
7/16/2019,33.700001,34.669998,33.700001,34.220001,33.864731,6353600
7/17/2019,34.34,34.419998,33.110001,33.259998,32.914696,5881900
7/18/2019,33.41,33.82,33.110001,33.740002,33.389717,3049300
7/19/2019,33.82,34.02,33.060001,33.080002,32.736568,4249000
7/22/2019,33.220001,33.419998,32.849998,32.900002,32.558437,4005600
7/23/2019,33.02,33.790001,32.57,33.73,33.379814,4524100
7/24/2019,33.619999,34.990002,33.619999,34.59,34.230892,7315300
7/25/2019,34.549999,34.82,31.58,31.67,31.341204,13152300
7/26/2019,32,32.25,31.16,31.24,30.91567,7875200
7/29/2019,30.969999,31.190001,30.540001,30.74,30.420858,6963900
7/30/2019,30.450001,30.809999,30.209999,30.709999,30.391172,5290200
7/31/2019,30.68,31.139999,30.27,30.51,30.193247,6269400
8/1/2019,30.43,30.57,29.43,29.84,29.530203,8013000
8/2/2019,29.700001,29.809999,29.07,29.450001,29.144253,6475900
8/5/2019,28.969999,28.969999,28,28.530001,28.233805,8948900
8/6/2019,28.85,29.059999,28.02,28.360001,28.164288,6010100
8/7/2019,28,28.76,27.82,28.629999,28.432425,6771500
8/8/2019,28.809999,29.389999,28.76,29.08,28.879318,5028200
8/9/2019,28.85,29.07,28.559999,28.780001,28.58139,4031300
8/12/2019,28.5,28.51,27.52,27.639999,27.449257,8015000
8/13/2019,27.620001,28.370001,27.33,27.51,27.320154,12950000
8/14/2019,27.049999,27.07,26.09,26.1,25.919884,10104400
8/15/2019,26.200001,26.309999,25.139999,25.41,25.234646,10057900
8/16/2019,25.620001,26.049999,25.389999,25.790001,25.612024,8826800
8/19/2019,26.200001,26.690001,26.08,26.1,25.919884,9034800
8/20/2019,26.08,26.08,25.559999,25.83,25.651749,7658800
8/21/2019,26.059999,26.6,26.01,26.42,26.237675,6227500
8/22/2019,26.459999,26.98,26.34,26.530001,26.346918,5957900
8/23/2019,26.27,26.51,25.35,25.42,25.244576,8900100
8/26/2019,25.9,25.91,25.030001,25.190001,25.016165,6722600
8/27/2019,25.27,25.34,24.32,24.450001,24.281271,7503700
8/28/2019,24.41,25.51,24.23,25.33,25.155199,9079100
8/29/2019,25.790001,26.610001,25.700001,26.32,26.138367,7205600
8/30/2019,26.4,26.83,26.16,26.309999,26.128435,5076200
9/3/2019,26.16,26.66,25.950001,26.51,26.327055,6730000
9/4/2019,26.66,27.219999,26.52,27,26.813673,5653300
9/5/2019,27.450001,28.110001,27.440001,27.690001,27.498913,6254600
9/6/2019,28.16,28.23,27.73,27.790001,27.598223,5791900
9/9/2019,27.790001,28.75,27.709999,28.440001,28.243738,8561600
9/10/2019,28.280001,29.18,28.209999,29.120001,28.919044,6377300
9/11/2019,29.16,29.93,28.73,29.76,29.554626,10842600
9/12/2019,29.67,30.219999,29.639999,29.940001,29.733385,5808800
9/13/2019,30.200001,30.34,29.870001,29.950001,29.743317,7131900
9/16/2019,28.559999,28.790001,27.700001,27.77,27.57836,15507800
9/17/2019,28.02,29.25,27.92,28.639999,28.442356,12683400
9/18/2019,28.549999,28.66,28.07,28.6,28.402632,6129400
9/19/2019,28.629999,28.74,28.16,28.299999,28.104702,5102700
9/20/2019,28.200001,28.440001,27.959999,27.99,27.796841,6885400
9/23/2019,27.709999,27.879999,27.360001,27.5,27.310223,5324400
9/24/2019,27.620001,27.700001,26.77,27,26.813673,5558300
9/25/2019,27.129999,27.83,27.02,27.440001,27.250637,6369400
9/26/2019,27.57,27.6,26.91,27.190001,27.002363,4831300
9/27/2019,27.01,27.809999,26.91,27.01,26.823605,5155100
9/30/2019,27.35,27.41,26.82,26.969999,26.78388,5109800
10/1/2019,27.08,27.66,26.59,26.799999,26.615053,6547000
10/2/2019,26.5,26.51,25.02,25.370001,25.194923,14178200
10/3/2019,25.469999,25.51,24.51,25.27,25.095612,8586400
10/4/2019,25.33,25.85,25.07,25.83,25.651749,6446100
10/7/2019,25.799999,26.059999,25.52,25.83,25.651749,5725400
10/8/2019,25.559999,26.799999,25.450001,26.26,26.078779,9028100
10/9/2019,26.780001,27.33,26.690001,27.07,26.88319,8095500
10/10/2019,26.68,27.25,26.5,27.18,26.992432,7057600
10/11/2019,27.629999,28.02,27.34,27.360001,27.17119,7492400
10/14/2019,27.370001,27.66,27.139999,27.620001,27.429396,3167100
10/15/2019,27.629999,28.370001,27.280001,28.27,28.074911,7019200
10/16/2019,28.33,28.809999,28.030001,28.049999,27.856426,6353300
10/17/2019,28.309999,28.440001,27.85,27.93,27.737255,6709600
10/18/2019,27.799999,28.32,27.709999,28.219999,28.025253,5689100
10/21/2019,28.51,28.91,28.43,28.620001,28.422495,6746400
10/22/2019,28.5,28.690001,27.82,28.26,28.064978,8022000
10/23/2019,28.25,28.4,27.879999,28.290001,28.094772,8396900
10/24/2019,29.27,29.85,28.49,29.41,29.207041,17890900
10/25/2019,29.4,30.889999,29.299999,30.860001,30.647036,13835700
10/28/2019,31,31.67,31,31.360001,31.143585,10298500
10/29/2019,31.42,31.49,30.68,30.92,30.706621,6843200
10/30/2019,30.77,30.940001,29.93,30.290001,30.080971,10356100
10/31/2019,30.07,30.209999,29.459999,30.059999,29.852554,8779600
11/1/2019,30.299999,30.610001,30.02,30.559999,30.349104,8270900
11/4/2019,30.709999,30.99,30.469999,30.950001,30.736416,5888600
11/5/2019,31,31.58,30.91,31.18,31.065199,5500200
11/6/2019,31.17,31.190001,30.65,30.959999,30.846008,4270300
11/7/2019,31.209999,31.440001,30.75,30.889999,30.776266,6342400
11/8/2019,30.719999,30.85,29.959999,30.76,30.646746,6352900
11/11/2019,30.540001,30.75,30.200001,30.59,30.477371,4109100
11/12/2019,30.58,30.67,29.4,29.52,29.41131,8662900
11/13/2019,29.030001,29.16,28.57,28.66,28.554476,7152300
11/14/2019,28.75,28.9,28.459999,28.77,28.664072,4393200
11/15/2019,28.950001,29.200001,28.799999,28.860001,28.75374,4552000
11/18/2019,28.639999,28.889999,28.280001,28.6,28.494698,5368800
11/19/2019,28.93,29.379999,28.73,29.290001,29.182158,5965500
11/20/2019,29.139999,29.24,28.049999,28.23,28.12606,9936100
11/21/2019,28.27,28.48,27.84,27.93,27.827166,6071800
11/22/2019,28.200001,28.719999,28.129999,28.68,28.574404,4827100
11/25/2019,28.799999,29.18,28.620001,28.99,28.883261,5171200
11/26/2019,28.950001,29.07,28.57,29.049999,28.943041,5932800
11/27/2019,29.07,29.33,28.74,28.950001,28.84341,3381800
11/29/2019,28.92,29.27,28.66,28.74,28.634182,2970800
12/2/2019,28.790001,28.99,28.01,28.08,27.976612,6850800
12/3/2019,27.73,27.77,26.959999,27.290001,27.189522,7736600
12/4/2019,27.42,27.76,27.219999,27.379999,27.279188,4805300
12/5/2019,27.459999,27.57,27.049999,27.24,27.139706,4994500
12/6/2019,27.5,27.959999,27.469999,27.73,27.627901,6093100
12/9/2019,27.620001,27.83,27.459999,27.49,27.388784,4474400
12/10/2019,27.549999,27.629999,26.9,27,26.900589,7538700
12/11/2019,27.08,27.1,26.68,26.860001,26.761105,5434600
12/12/2019,27.09,28.02,26.950001,27.719999,27.617937,9645300
12/13/2019,27.93,28.129999,27.370001,27.48,27.37882,5965200
12/16/2019,27.620001,28.35,27.6,27.92,27.817202,6997300
12/17/2019,27.969999,28.48,27.860001,28.280001,28.175877,5920300
12/18/2019,28.35,28.57,27.93,28,27.896908,4633800
12/19/2019,28,28.57,27.93,28.549999,28.444881,6295100
12/20/2019,28.67,29.049999,28.49,29.040001,28.933079,12277100
12/23/2019,29.25,29.719999,29.200001,29.299999,29.19212,9291100
12/24/2019,29.32,29.43,29.1,29.18,29.072563,2373600
12/26/2019,29.32,29.709999,29.26,29.67,29.560759,4746500
12/27/2019,29.76,29.809999,28.360001,28.440001,28.335287,8416500
12/30/2019,28.5,28.530001,28.07,28.299999,28.195801,4940300
