Date,Open,High,Low,Close,Adj Close,Volume
1/2/2015,49.919998,50.009998,48.709999,49.18,44.267326,8637300
1/5/2015,49.459999,49.48,47.810001,48.360001,43.529228,10556500
1/6/2015,48.549999,48.740002,46.25,47.220001,42.503117,12880400
1/7/2015,47.48,47.59,46.509998,46.970001,42.278088,10516200
1/8/2015,47.48,48.32,47.259998,48.189999,43.376217,10499300
1/9/2015,48.330002,48.5,46.790001,46.880001,42.197079,8860800
1/12/2015,46.720001,46.970001,45.549999,46.060001,41.458984,11573400
1/13/2015,46.68,47.75,45.959999,46.610001,41.954063,12499100
1/14/2015,45.84,46.16,44.470001,45.310001,40.783913,13115700
1/15/2015,45.09,45.759998,44.91,45.049999,40.549881,8532400
1/16/2015,45,45.900002,44.610001,45.84,41.260967,13020100
1/20/2015,47.009998,49.290001,46.91,49.169998,44.258324,21172700
1/21/2015,48.77,49.599998,48.200001,49.18,44.267326,14918700
1/22/2015,49.93,50.810001,49.18,50.700001,45.63549,16033200
1/23/2015,50.349998,51.060001,50.060001,50.560001,45.509464,8613600
1/26/2015,50.23,50.830002,49.950001,50.150002,45.140434,9386200
1/27/2015,49.290001,49.900002,48.91,49.18,44.267326,9786600
1/28/2015,49.5,49.91,48.279999,48.459999,43.61924,9575400
1/29/2015,48.669998,50.349998,48.200001,50.209999,45.194435,9764600
1/30/2015,49.330002,49.799999,47.009998,47.310001,42.584129,17133900
2/2/2015,47.099998,47.16,44.810001,46.509998,41.864033,20909800
2/3/2015,45,46.23,44.93,46.009998,41.413982,17599000
2/4/2015,46.549999,47.450001,46.43,46.959999,42.269081,12204300
2/5/2015,46.93,46.98,45.27,46.139999,41.530994,11306700
2/6/2015,45.970001,46.68,45.290001,45.509998,40.963924,10884000
2/9/2015,44.5,44.880001,43.709999,44.450001,40.009815,14027000
2/10/2015,45.130001,45.740002,44.740002,45.32,40.792904,11276400
2/11/2015,45.720001,45.93,44.799999,44.98,40.486874,9619100
2/12/2015,44.349998,44.900002,43.73,44.810001,40.333858,15764800
2/13/2015,44.080002,44.529999,43.349998,44.5,40.054813,16355700
2/17/2015,44.779999,45.32,44.619999,44.759998,40.288845,12153500
2/18/2015,45.150002,45.450001,44.650002,45.27,40.830002,9889600
2/19/2015,46.860001,47.389999,45.84,45.919998,41.416245,14676200
2/20/2015,45.73,47.48,45.509998,47.439999,42.787155,13624800
2/23/2015,47.970001,48.27,46.860001,47.189999,42.561684,12104600
2/24/2015,46.900002,48.27,46.400002,48.029999,43.31929,12044300
2/25/2015,47.93,48.009998,46.599998,46.84,42.246014,10815800
2/26/2015,47.200001,47.380001,45.57,45.919998,41.416245,14477500
2/27/2015,45.799999,45.869999,44.5,44.52,40.153561,15235200
3/2/2015,44.52,45.509998,44.52,45.389999,40.938229,11247500
3/3/2015,44.580002,45.810001,44.27,45.779999,41.289974,12972500
3/4/2015,45.360001,45.5,44.799999,45.150002,40.721771,10364100
3/5/2015,45.470001,45.470001,44.049999,44.389999,40.036312,12145300
3/6/2015,44.310001,44.720001,43.630001,43.779999,39.486134,7527200
3/9/2015,43.869999,44.720001,43.799999,44.57,40.198654,8415200
3/10/2015,44.360001,44.389999,43.27,43.419998,39.161438,9909400
3/11/2015,43.459999,44.389999,43.439999,44.02,39.702595,8603500
3/12/2015,44.130001,45.400002,44.07,45.330002,40.884113,9284900
3/13/2015,45.450001,46.369999,45.330002,45.5,41.037437,10039200
3/16/2015,46.150002,46.490002,45.959999,46.16,41.63271,8517000
3/17/2015,46.5,46.950001,46.200001,46.650002,42.07465,11583500
3/18/2015,46.75,46.779999,45.41,45.810001,41.317036,19021400
3/19/2015,46.360001,47.349998,46.349998,47.259998,42.624813,16818100
3/20/2015,46.810001,47.630001,46.810001,47.419998,42.769131,21270700
3/23/2015,47.419998,47.59,46.560001,46.580002,42.011524,10793900
3/24/2015,46.34,46.43,46.02,46.029999,41.51545,9517400
3/25/2015,45.91,45.970001,44.380001,44.52,40.153561,10383800
3/26/2015,43.139999,44.349998,42.599998,44.09,39.765724,15909700
3/27/2015,44.380001,45.220001,44.32,44.880001,40.478241,7983200
3/30/2015,45.34,45.900002,45.34,45.560001,41.091553,8325800
3/31/2015,45.580002,45.619999,44.66,44.959999,40.5504,9679100
4/1/2015,43.669998,43.990002,42.919998,43.259998,39.017128,19301700
4/2/2015,42.91,43.369999,42.25,42.25,38.10619,15554800
4/6/2015,41.41,41.91,41.02,41.759998,37.664242,18500400
4/7/2015,42,42.450001,41.610001,41.639999,37.556026,9166300
4/8/2015,41.939999,43.299999,41.91,43.290001,39.044186,14039100
4/9/2015,43.419998,43.970001,42.759998,43.139999,38.908905,9704800
4/10/2015,43.119999,43.529999,43.040001,43.23,38.990074,8160300
4/13/2015,43.080002,43.869999,42.990002,43.07,38.845764,10223200
4/14/2015,43.060001,43.189999,42.450001,43.080002,38.854797,10244200
4/15/2015,44.48,45.34,43.799999,44.200001,39.864937,22814900
4/16/2015,44.200001,45.400002,44.16,44.990002,40.577454,13257600
4/17/2015,44.720001,45.23,44.580002,44.759998,40.370014,9581400
4/20/2015,45.139999,45.82,44.759998,45.73,41.244873,8819100
4/21/2015,45.900002,46.389999,45.560001,46.23,41.695839,9400600
4/22/2015,46.349998,46.619999,45.669998,46.529999,41.966412,9691300
4/23/2015,46.27,46.93,46.119999,46.43,41.876225,10077000
4/24/2015,46.77,47.380001,46.68,46.98,42.372284,10280600
4/27/2015,47.040001,47.099998,46.330002,46.450001,41.894268,10000200
4/28/2015,46.290001,46.450001,45.16,46.200001,41.668789,8684600
4/29/2015,45.84,46,44.259998,45.029999,40.613529,11460600
4/30/2015,44.759998,45.720001,44.360001,44.639999,40.261787,9256600
5/1/2015,44.810001,46.029999,44.68,45.66,41.181747,11469900
5/4/2015,45.91,46.5,45.119999,45.290001,40.848034,9653100
5/5/2015,44.380001,45,43.880001,43.900002,39.59436,11350400
5/6/2015,43.540001,44.259998,42.84,44.060001,39.820301,12783300
5/7/2015,44.27,45.970001,44.27,45.360001,40.995216,15678600
5/8/2015,45.599998,46.43,45.599998,46.169998,41.727272,9936500
5/11/2015,46.040001,47.34,45.900002,46.810001,42.305687,12461400
5/12/2015,46.32,46.400002,45.950001,46.099998,41.664001,7549200
5/13/2015,47.389999,47.98,46.450001,46.779999,42.278572,16830900
5/14/2015,47.34,47.779999,46.869999,47.400002,42.838917,8820200
5/15/2015,47.830002,47.939999,46.970001,47,42.477398,9614900
5/18/2015,46.990002,47.59,46.869999,47.369999,42.811802,7940000
5/19/2015,47.700001,47.869999,46.110001,46.209999,41.76342,12749000
5/20/2015,45.860001,45.93,43.16,43.619999,39.422649,37638100
5/21/2015,43.5,44.150002,42.689999,43.75,39.540142,16267300
5/22/2015,43.98,44,43.130001,43.18,39.024986,10619900
5/26/2015,43.419998,43.470001,41.720001,41.849998,37.822968,18594400
5/27/2015,42.029999,43.119999,42.029999,42.529999,38.437527,12382900
5/28/2015,42.639999,43.130001,42.169998,42.25,38.184475,10886600
5/29/2015,42.189999,43.189999,41.889999,42.919998,38.790009,12538000
6/1/2015,43.209999,44.790001,42.939999,44.349998,40.082401,17682300
6/2/2015,42.990002,43.619999,42.869999,43.209999,39.052101,18431500
6/3/2015,43.52,43.77,42.950001,43.240002,39.079212,9886600
6/4/2015,43.400002,44.110001,42.439999,42.919998,38.790009,13390400
6/5/2015,42.830002,43.150002,42.279999,42.900002,38.771923,9897200
6/8/2015,42.369999,42.619999,40.650002,40.75,36.828812,18359700
6/9/2015,40.099998,41.150002,38.970001,40.720001,36.801704,29310500
6/10/2015,40.619999,41.560001,40.34,41.060001,37.108978,11590200
6/11/2015,41.330002,41.790001,40.740002,40.799999,36.874004,9259100
6/12/2015,40.740002,41.560001,40.580002,41.139999,37.181282,7838300
6/15/2015,40.919998,41.200001,40.529999,40.700001,36.783619,9649400
6/16/2015,40.650002,41.009998,40.040001,40.57,36.666134,8314900
6/17/2015,40.419998,41.080002,40.23,40.799999,36.874004,7057900
6/18/2015,40.669998,41.43,40.459999,41.349998,37.371078,7198400
6/19/2015,41.990002,42.810001,41.830002,41.990002,37.949493,11189300
6/22/2015,42.720001,43.080002,42.360001,42.93,38.799038,10407000
6/23/2015,43.380001,43.709999,43,43.099998,38.952686,7789400
6/24/2015,42.970001,43.130001,42.5,42.66,38.555019,7413400
6/25/2015,42.98,43.380001,42.57,42.599998,38.500793,6208700
6/26/2015,42.779999,42.900002,42.060001,42.349998,38.274857,15144800
6/29/2015,41.77,42.450001,41.080002,41.119999,37.1632,7881500
6/30/2015,41.68,41.830002,41.029999,41.080002,37.127056,10416400
7/1/2015,41.75,41.810001,38.810001,40.27,36.395,30993500
7/2/2015,40.23,41.029999,39.75,40,36.150986,11310800
7/6/2015,39.880001,40.790001,39.880001,40.48,36.584801,9714600
7/7/2015,40.669998,41.299999,39.959999,41.18,37.217434,9136400
7/8/2015,40.459999,40.880001,40.009998,40.169998,36.304626,8642700
7/9/2015,40.580002,41.09,40.490002,40.549999,36.648064,8541600
7/10/2015,41.450001,42.720001,41.310001,42.459999,38.374271,13746100
7/13/2015,43.209999,43.52,43,43.369999,39.196697,10131500
7/14/2015,42.950001,43.959999,42.610001,43.66,39.458797,13648600
7/15/2015,42.59,44.43,42.400002,43.990002,39.75705,23558400
7/16/2015,44.5,44.869999,44.189999,44.470001,40.190853,12804800
7/17/2015,44.650002,45.099998,44.380001,44.939999,40.615627,9625000
7/20/2015,45.099998,45.099998,43.959999,44.09,39.847416,7746100
7/21/2015,44.080002,44.73,44.080002,44.650002,40.353531,6166500
7/22/2015,44.509998,45.419998,44.459999,45.220001,40.868694,8995500
7/23/2015,46.299999,46.639999,45.049999,45.16,40.814457,11449800
7/24/2015,45.610001,45.639999,43.759998,44.099998,39.856457,8550100
7/27/2015,43.599998,44.18,43.049999,43.93,39.70282,7301600
7/28/2015,43.93,44.950001,43.900002,44.91,40.588516,7624700
7/29/2015,44.810001,45.330002,43.849998,44.18,39.928761,10355300
7/30/2015,44.16,44.369999,43.639999,44.029999,39.79319,5297100
7/31/2015,44.150002,44.400002,43.880001,44.34,40.073372,5973700
8/3/2015,44.68,45.849998,44.57,45.73,41.329605,12159300
8/4/2015,46.32,47.099998,45.779999,46.349998,41.889954,11268300
8/5/2015,46.360001,46.529999,46.130001,46.299999,41.966995,5838700
8/6/2015,46.48,46.790001,45.759998,46.040001,41.731335,6525100
8/7/2015,45.84,46.48,45.759998,46.349998,42.012318,6825100
8/10/2015,46.73,47.189999,46.209999,46.32,41.985134,6325400
8/11/2015,46.290001,47.48,46.130001,47.099998,42.692123,9734300
8/12/2015,46.799999,46.810001,44.77,46.599998,42.238926,11334000
8/13/2015,46.889999,47.869999,46.470001,47.450001,43.009373,9953500
8/14/2015,47.360001,47.959999,47.279999,47.630001,43.172523,6117400
8/17/2015,47.77,48.25,47.32,47.990002,43.498829,8136600
8/18/2015,48.080002,48.299999,46.919998,47.360001,42.927807,8076100
8/19/2015,47.360001,47.59,46.610001,47.080002,42.674004,9389300
8/20/2015,46.549999,47.080002,45.669998,45.709999,41.432205,9484800
8/21/2015,45.5,45.580002,43.59,43.599998,39.51968,14908800
8/24/2015,39.5,44.16,34.610001,42.150002,38.205376,15222400
8/25/2015,43.84,43.84,41.369999,41.369999,37.498371,10465900
8/26/2015,42.610001,43.880001,41.490002,43.700001,39.610321,14221500
8/27/2015,44.189999,44.349998,42.77,43.860001,39.755341,12853000
8/28/2015,43.939999,44.299999,43.41,43.939999,39.827862,9205800
8/31/2015,43.970001,44.599998,43.540001,43.779999,39.682831,8387000
9/1/2015,43.950001,44.459999,43.299999,43.77,39.673767,11269300
9/2/2015,44.650002,46,44.349998,45.990002,41.686005,15227900
9/3/2015,46.060001,46.549999,44.91,45.060001,40.843044,10909000
9/4/2015,44.549999,45.990002,44.310001,45.400002,41.151218,8955300
9/8/2015,46.220001,46.650002,45.959999,46.59,42.229851,8177800
9/9/2015,46.939999,47.189999,45.900002,46.009998,41.70414,9614000
9/10/2015,46.290001,47,46.119999,46.490002,42.139217,8754700
9/11/2015,46.5,47.049999,46.27,46.919998,42.528973,7030100
9/14/2015,46.970001,47.290001,46.599998,46.889999,42.501781,5253000
9/15/2015,47,47.119999,46.310001,46.889999,42.501781,8804600
9/16/2015,46.830002,47.41,46.529999,47.09,42.68306,7903500
9/17/2015,47.310001,48.18,46.880001,47.490002,43.045628,11128000
9/18/2015,47.080002,47.189999,46.549999,46.669998,42.302376,11862900
9/21/2015,46.77,47.669998,46.689999,47.25,42.828091,7670500
9/22/2015,46.900002,47.169998,45.959999,46.459999,42.112026,8329500
9/23/2015,46.5,46.880001,45.93,46.59,42.229851,4872500
9/24/2015,46.330002,46.380001,45.060001,45.91,41.613499,8871600
9/25/2015,46.52,46.84,45.59,46.040001,41.731335,6882900
9/28/2015,45.869999,45.939999,44.360001,44.66,40.480476,7367300
9/29/2015,44.509998,44.93,43.57,44.040001,39.918491,7508800
9/30/2015,44.720001,45.040001,43.860001,44.869999,40.670818,9525700
10/1/2015,44.709999,45.5,44.139999,45.41,41.16029,8096500
10/2/2015,44.939999,44.939999,43.349998,44.869999,40.670818,10918900
10/5/2015,45.220001,47.040001,45.040001,46.959999,42.565228,8629300
10/6/2015,46.73,47.240002,45,45.09,40.870235,9081000
10/7/2015,45.200001,46,44.470001,45.990002,41.686005,11737900
10/8/2015,45.799999,46.07,45.169998,45.959999,41.65881,8905400
10/9/2015,46.290001,47.330002,46.16,47.209999,42.791832,10715300
10/12/2015,47.52,48.5,47.52,48.5,43.961109,10647300
10/13/2015,48.099998,49.110001,47.720001,47.73,43.263168,13839900
10/14/2015,48.580002,49.48,47.93,48.59,44.042686,15052900
10/15/2015,48.950001,49.32,48.360001,48.93,44.350868,8423700
10/16/2015,48.740002,49.130001,48.080002,49.119999,44.523083,14240400
10/19/2015,49.209999,50.580002,49.130001,50.27,45.565468,11037800
10/20/2015,50.32,50.77,49.799999,50.150002,45.456699,8745500
10/21/2015,49.799999,50.59,49.34,49.439999,44.813141,7607300
10/22/2015,50.139999,50.939999,49.349998,50.810001,46.054932,9528500
10/23/2015,51.23,51.66,50.5,51,46.227146,11458600
10/26/2015,50.889999,51.470001,50.32,51.32,46.517208,5579300
10/27/2015,51,51.48,50.389999,50.869999,46.10931,7910200
10/28/2015,51.130001,51.130001,49.540001,50.139999,45.447628,7435100
10/29/2015,50.040001,50.650002,49.610001,50.5,45.773945,5632800
10/30/2015,50.5,51.450001,50.290001,50.84,46.082119,7052500
11/2/2015,50.900002,51.27,50.669998,50.700001,45.955219,8548100
11/3/2015,51.650002,52,50.849998,51,46.227146,10988100
11/4/2015,51.259998,51.259998,50.470001,50.66,46.040833,7353500
11/5/2015,50.830002,51.150002,50.32,50.540001,45.931786,5736700
11/6/2015,50.529999,51.48,50.450001,51.200001,46.531601,6376100
11/9/2015,50.93,50.950001,50.23,50.630001,46.013569,5559100
11/10/2015,50.599998,51,49.549999,50.299999,45.713661,7348900
11/11/2015,50.490002,50.73,49.959999,49.98,45.422836,6116400
11/12/2015,49.990002,50.43,49.900002,49.98,45.422836,9350200
11/13/2015,49.82,50.080002,48.75,48.990002,44.523106,9207300
11/16/2015,47.860001,48.150002,47.009998,47.93,43.55975,12339200
11/17/2015,48.060001,49.060001,47.720001,47.77,43.414349,10417300
11/18/2015,47.830002,47.990002,46.650002,47.75,43.396164,10952800
11/19/2015,48.200001,48.759998,48.02,48.509998,44.086872,7857100
11/20/2015,48.470001,48.869999,48.43,48.759998,44.314087,6878200
11/23/2015,49,49.189999,48.400002,48.740002,44.29591,6261100
11/24/2015,47.360001,48,46.669998,47.240002,42.932674,11111000
11/25/2015,47.450001,47.619999,46.369999,46.869999,42.596405,7731700
11/27/2015,46.990002,47.5,46.779999,47.139999,42.841789,2597700
11/30/2015,47.209999,47.439999,46.439999,46.459999,42.223793,8731300
12/1/2015,46.810001,47.700001,46.580002,47.669998,43.323467,6335800
12/2/2015,49.169998,49.330002,48.18,48.330002,43.923283,12810600
12/3/2015,48.419998,48.990002,47.849998,48.220001,43.823311,11634400
12/4/2015,49,49.799999,48.669998,49.779999,45.24107,12775600
12/7/2015,50.27,51.82,50.189999,51.779999,47.058712,13829500
12/8/2015,51.330002,51.82,49.889999,50.27,45.686409,13469200
12/9/2015,50.02,50.740002,49.139999,49.509998,44.995693,8144700
12/10/2015,49.709999,51.919998,49.540001,51.279999,46.604313,10089600
12/11/2015,50.369999,50.650002,49.220001,49.279999,44.786663,8651600
12/14/2015,49.52,50.41,48.759998,50.18,45.604599,10006400
12/15/2015,50.669998,51.41,50.07,51.150002,46.486153,8084800
12/16/2015,51.400002,52.290001,50.849998,52.119999,47.367714,9172900
12/17/2015,51.98,52.77,51.02,51.029999,46.377094,10024900
12/18/2015,51.040001,51.950001,49.959999,49.959999,45.404667,15753500
12/21/2015,50.459999,51.5,50.419998,51.459999,46.767902,8822100
12/22/2015,51.650002,51.950001,51.16,51.75,47.031452,6745600
12/23/2015,51.740002,51.869999,50.91,51.740002,47.022366,5843600
12/24/2015,51.709999,52.650002,51.689999,52.259998,47.494953,3834200
12/28/2015,52.41,52.720001,51.32,51.950001,47.213219,5295300
12/29/2015,51.93,52.41,51.889999,52.169998,47.413147,4300100
12/30/2015,52.23,52.299999,51.07,51.169998,46.504333,5060000
12/31/2015,51,51.080002,50.349998,50.689999,46.068092,5911400
1/4/2016,49.419998,49.419998,48.299999,48.66,44.223198,12323200
1/5/2016,49.310001,49.75,47.040001,48.57,44.141396,14557200
1/6/2016,47.790001,49.299999,47.630001,48.93,44.468571,10375900
1/7/2016,48.389999,48.68,46.740002,47,42.714561,11301100
1/8/2016,47.48,48.950001,46.490002,46.610001,42.360104,10850300
1/11/2016,46.990002,47.290001,45.57,46.740002,42.47826,12096400
1/12/2016,47.07,47.48,45.82,46.959999,42.678192,12163400
1/13/2016,47.5,47.5,44.540001,44.939999,40.842388,10964500
1/14/2016,45.029999,45.75,44.02,45.34,41.205906,11555000
1/15/2016,43.880001,45.360001,43.450001,44.5,40.442505,16408600
1/19/2016,45.799999,46.75,45.189999,45.959999,41.769386,16014700
1/20/2016,46.09,46.759998,42.540001,45.689999,41.524006,21927500
1/21/2016,46.650002,47.119999,45.369999,46.52,42.278324,12817400
1/22/2016,47.09,47.490002,46.529999,46.759998,42.496433,9419500
1/25/2016,47.59,47.619999,45.849998,45.939999,41.751209,8602600
1/26/2016,46.490002,46.900002,45.630001,46.110001,41.905704,8685100
1/27/2016,46.360001,47,44.619999,44.720001,40.642448,10669700
1/28/2016,44.84,45,42.52,43.200001,39.261044,13996900
1/29/2016,43.139999,44.34,42.419998,44.290001,40.251656,12820100
2/1/2016,44.73,45.580002,44.009998,45.209999,41.087757,8618200
2/2/2016,45.189999,45.52,43.32,43.610001,39.633659,8994000
2/3/2016,43.970001,44.150002,42.110001,43.799999,39.806328,10049100
2/4/2016,43.779999,44.369999,43.360001,44.040001,40.024448,9444000
2/5/2016,44.139999,44.549999,41.669998,42.009998,38.179543,14206000
2/8/2016,41.310001,41.599998,40.049999,40.77,37.052612,15450900
2/9/2016,40.349998,42.490002,40.029999,41.98,38.152279,12082600
2/10/2016,42.630001,43.779999,42.470001,43.27,39.324657,11356200
2/11/2016,42.619999,43.52,42.139999,42.700001,38.806629,10019500
2/12/2016,43,43.139999,42.139999,42.990002,39.194103,7552700
2/16/2016,43.490002,44.669998,43.09,44.580002,40.643711,8128800
2/17/2016,44.98,46.27,44.950001,46.099998,42.029491,10338400
2/18/2016,46.400002,46.68,45.98,46.459999,42.357712,10946800
2/19/2016,46.459999,47.150002,46.240002,46.720001,42.594749,10578700
2/22/2016,46.720001,48.91,46.720001,48.82,44.509327,12748800
2/23/2016,48.470001,49.450001,48.450001,48.950001,44.627853,9411500
2/24/2016,48.450001,49.049999,47.790001,48.939999,44.618729,9236800
2/25/2016,49.080002,49.450001,48.669998,49.200001,44.855778,7524800
2/26/2016,49.349998,49.450001,47.700001,47.860001,43.63409,12282800
2/29/2016,47.75,48.799999,47.400002,48.240002,43.980541,8030000
3/1/2016,48.73,49.25,48.419998,48.900002,44.58226,8000600
3/2/2016,48.099998,48.580002,47.610001,48.549999,44.263172,8938300
3/3/2016,48.59,49.009998,48.349998,48.790001,44.481987,8853700
3/4/2016,49.060001,49.099998,48.470001,48.669998,44.372574,8516400
3/7/2016,48.240002,48.48,47.849998,48.389999,44.11729,8291900
3/8/2016,46.709999,47.099998,46.009998,46.220001,42.138901,13690500
3/9/2016,46.310001,46.939999,46.220001,46.740002,42.612984,8448900
3/10/2016,47,47.490002,46.279999,47,42.850037,8293400
3/11/2016,47.470001,48.07,47.279999,47.689999,43.479103,6661600
3/14/2016,47.5,48.240002,47.32,47.889999,43.661446,5798900
3/15/2016,47.82,47.939999,47.43,47.759998,43.542923,4751900
3/16/2016,47.470001,48.799999,47.369999,48.77,44.463749,6376600
3/17/2016,48.580002,48.779999,48.060001,48.619999,44.326988,6578000
3/18/2016,48.669998,50.299999,48.580002,50.049999,45.630726,12485200
3/21/2016,50.040001,50.5,49.939999,50.119999,45.694538,7284700
3/22/2016,48.709999,49.740002,48.200001,49.389999,45.028996,13352500
3/23/2016,49.59,49.73,48.599998,48.91,44.591381,8783100
3/24/2016,48.48,48.560001,47.360001,47.84,43.615864,9139000
3/28/2016,47.900002,48.509998,47.77,48.200001,43.944073,5887600
3/29/2016,48.099998,49.18,48.029999,49.130001,44.791958,7302100
3/30/2016,49.540001,50.080002,49.290001,49.330002,44.974297,5779300
3/31/2016,49.369999,49.740002,48.66,48.68,44.381695,6550500
4/1/2016,47.5,47.57,46.740002,47.009998,42.859142,13932200
4/4/2016,47.110001,48.32,46.759998,47.150002,42.986786,7863200
4/5/2016,46.970001,47.810001,46.720001,47.16,42.995903,6506900
4/6/2016,47.220001,47.32,46.849998,47.200001,43.032364,5542600
4/7/2016,47,47.189999,45.41,45.799999,41.755989,10434300
4/8/2016,46.099998,46.619999,45.66,46.290001,42.202721,5845000
4/11/2016,46.869999,47.799999,46.5,46.549999,42.439762,8880400
4/12/2016,46.830002,47.259998,46.52,46.630001,42.512703,8254600
4/13/2016,47.150002,48.130001,46.860001,48.040001,43.798199,10882500
4/14/2016,48.950001,49.799999,48.27,48.490002,44.208469,15906500
4/15/2016,48.740002,48.810001,47.150002,47.5,43.305882,11822200
4/18/2016,47.650002,47.650002,46.209999,46.549999,42.439762,11664700
4/19/2016,46.689999,47.419998,46.599998,46.869999,42.731506,8759000
4/20/2016,46.900002,47.529999,46.580002,46.599998,42.485355,8397200
4/21/2016,46.279999,46.310001,44.740002,44.970001,40.999271,15330300
4/22/2016,43.43,44.669998,43.16,44.619999,40.680176,14258600
4/25/2016,44.52,44.880001,43.790001,43.93,40.051105,8774300
4/26/2016,44.150002,44.52,43.060001,43.59,39.741116,11545700
4/27/2016,43.75,44.240002,43.279999,43.689999,39.832291,9097500
4/28/2016,43.439999,43.799999,42.759998,42.860001,39.075588,10229800
4/29/2016,42.549999,42.709999,41.220001,41.669998,37.99065,16658500
5/2/2016,42.110001,42.490002,41.799999,42.169998,38.446507,10701800
5/3/2016,42.919998,43.200001,41.830002,42.919998,39.130283,14319500
5/4/2016,42.369999,42.560001,41.169998,41.43,37.771847,14925300
5/5/2016,41.59,42.27,41.450001,41.75,38.063591,10271100
5/6/2016,41.610001,42.259998,40.950001,42.040001,38.327991,10777200
5/9/2016,42.110001,42.84,41.990002,42.400002,38.780731,10512100
5/10/2016,42.490002,43.040001,42.41,42.950001,39.283787,9299300
5/11/2016,42.689999,43.310001,42.290001,42.299999,38.689262,9037700
5/12/2016,42.439999,42.470001,40.639999,41.07,37.564262,13454000
5/13/2016,40.75,42.18,40.75,41.599998,38.049015,10758600
5/16/2016,42.549999,43.16,42.049999,43,39.329525,12303100
5/17/2016,42.790001,44.400002,42.75,43.669998,39.942318,16203000
5/18/2016,43.450001,44.66,43.450001,43.860001,40.116104,10382900
5/19/2016,43.27,43.880001,42.549999,43.099998,39.420975,8860800
5/20/2016,43.419998,43.82,42.970001,43.099998,39.420975,5964600
5/23/2016,43,43.599998,42.91,42.950001,39.283787,5227000
5/24/2016,43.099998,43.77,43.049999,43.630001,39.905739,9359900
5/25/2016,43.68,44.110001,43.380001,43.5,39.786831,7600800
5/26/2016,43.470001,43.599998,42.400002,42.759998,39.109993,8512400
5/27/2016,42.830002,43.439999,42.810001,43.119999,39.43927,5509400
5/31/2016,43.25,43.509998,42.650002,43.459999,39.750248,9315100
6/1/2016,43.459999,43.709999,43.07,43.509998,39.795979,7047600
6/2/2016,42.77,43.459999,42.400002,42.450001,38.826469,10103500
6/3/2016,42.220001,42.400002,41.25,41.57,38.021572,15958000
6/6/2016,41.540001,41.599998,41,41.279999,37.756329,11538400
6/7/2016,41.349998,42.810001,41,42.099998,38.506336,11445900
6/8/2016,42.200001,42.450001,41.099998,41.849998,38.277676,13861700
6/9/2016,41.75,42.580002,41.52,42.400002,38.780731,7618100
6/10/2016,42.060001,42.290001,41.41,42.040001,38.451466,6787900
6/13/2016,41.59,41.700001,40.529999,40.57,37.106941,9946500
6/14/2016,40.41,40.560001,38.639999,39.110001,35.771564,15065800
6/15/2016,39.369999,39.779999,38.830002,38.889999,35.570339,11044000
6/16/2016,38.369999,38.57,37.84,38.02,34.774601,13086600
6/17/2016,37.939999,38.240002,37.68,38.009998,34.765457,11157800
6/20/2016,38.43,38.73,38,38.09,34.838638,9921200
6/21/2016,38.669998,39,38.049999,38.669998,35.369129,11997900
6/22/2016,38.57,39.16,38.5,38.549999,35.259361,7029400
6/23/2016,39,39.07,37.73,38.310001,35.03986,10956200
6/24/2016,36.09,37.080002,35.169998,35.18,32.177025,26090700
6/27/2016,34.84,34.939999,32.599998,33.360001,30.512383,28380600
6/28/2016,34.27,34.669998,33.599998,34.669998,31.710564,19678200
6/29/2016,35.400002,36.380001,34.91,36.240002,33.146545,15059700
6/30/2016,36.259998,36.43,35.73,36.43,33.320332,12413700
7/1/2016,36.41,37,36.310001,36.77,33.631306,9408400
7/5/2016,36,36.240002,34.779999,35.619999,32.579472,14239500
7/6/2016,34.959999,35.610001,34.080002,35.580002,32.542881,14540000
7/7/2016,35.540001,36.48,35.5,36.369999,33.265446,8775800
7/8/2016,36.900002,37.75,36.860001,37.369999,34.180096,12621000
7/11/2016,37.669998,38.450001,37.599998,38.119999,34.86607,11994100
7/12/2016,39.200001,40.41,39.130001,40.209999,36.777668,19533000
7/13/2016,40.5,40.599998,39.419998,39.560001,36.183151,13885600
7/14/2016,40.330002,41.349998,40.16,40.98,37.481941,18543000
7/15/2016,40.459999,40.540001,39.709999,39.98,36.567299,15192400
7/18/2016,40.169998,40.52,40.060001,40.099998,36.677055,8285500
7/19/2016,39.880001,40.580002,39.5,40.529999,37.070354,9297000
7/20/2016,40.689999,41.220001,39.939999,40.209999,36.777668,9541900
7/21/2016,39.110001,39.259998,38.27,38.52,35.23193,17399700
7/22/2016,39.07,39.189999,38.43,38.959999,35.634365,9579300
7/25/2016,39.169998,39.259998,38.549999,38.959999,35.634365,7160500
7/26/2016,38.970001,39.330002,38.610001,39.029999,35.698395,9038700
7/27/2016,38.880001,38.919998,38.5,38.540001,35.250225,8671900
7/28/2016,38.5,39.540001,38.25,39.360001,36.000221,7354100
7/29/2016,39.369999,39.900002,38.740002,38.75,35.442291,10468200
8/1/2016,38.919998,39.509998,38.779999,39.48,36.109985,8965300
8/2/2016,38.82,38.849998,36.290001,36.389999,33.283737,19993500
8/3/2016,36.380001,36.869999,36.169998,36.48,33.366062,10994100
8/4/2016,36.52,36.68,36.02,36.540001,33.420937,8825300
8/5/2016,36.98,37.73,36.860001,37.669998,34.454479,8097500
8/8/2016,37.459999,38.240002,37.360001,37.439999,34.244114,10029100
8/9/2016,37.75,38.060001,37.139999,37.150002,33.978874,8392000
8/10/2016,37,37.119999,36.240002,36.48,33.549385,9604700
8/11/2016,36.580002,37.049999,36.279999,36.700001,33.75172,7537900
8/12/2016,36.68,36.740002,36.259998,36.349998,33.429825,7700600
8/15/2016,36.349998,37.049999,35.84,36.919998,33.954037,10784600
8/16/2016,36.810001,37.310001,36.790001,36.939999,33.972431,9253500
8/17/2016,37.029999,37.529999,36.709999,37.509998,34.496643,10427900
8/18/2016,37.369999,37.43,36.849998,37.07,34.091991,12103300
8/19/2016,36.810001,36.98,36.369999,36.77,33.816086,7579600
8/22/2016,36.529999,36.740002,36.07,36.610001,33.668945,11186100
8/23/2016,36.779999,37.130001,36.619999,36.689999,33.742516,7588400
8/24/2016,36.630001,37.049999,36.470001,36.77,33.816086,7548000
8/25/2016,36.639999,36.810001,36.439999,36.470001,33.540195,6540000
8/26/2016,36.509998,36.639999,35.900002,36.09,33.190712,7882000
8/29/2016,36.27,36.599998,36.259998,36.549999,33.613758,5674600
8/30/2016,36.549999,37.599998,36.380001,37.16,34.174759,9950600
8/31/2016,37.32,37.32,36.02,36.75,33.797699,13838000
9/1/2016,37,37.150002,36.32,36.82,33.862072,7127400
9/2/2016,36.669998,37.490002,36.669998,37.169998,34.183956,10201900
9/6/2016,37.23,37.290001,36.650002,36.82,33.862072,8041600
9/7/2016,37.450001,39.18,37.41,38.900002,35.774979,16662100
9/8/2016,38.860001,39.299999,38.599998,39.290001,36.133644,10542100
9/9/2016,39.09,39.389999,37.75,37.75,34.717358,11696700
9/12/2016,37.240002,38.59,36.880001,38.439999,35.351933,8572700
9/13/2016,38.200001,38.509998,37.389999,37.529999,34.515038,10203900
9/14/2016,37.43,37.889999,36.93,37.119999,34.13797,9468400
9/15/2016,37.09,37.619999,36.82,37.290001,34.294319,9159400
9/16/2016,37.02,37.16,36.59,36.77,33.816086,11257500
9/19/2016,36.91,37.740002,36.849998,37.57,34.551819,8768200
9/20/2016,37.599998,38.110001,37.41,37.630001,34.606998,7551400
9/21/2016,37.790001,38.299999,37.48,38.049999,34.993263,8529600
9/22/2016,38.16,38.959999,38.150002,38.5,35.407104,10917000
9/23/2016,38.18,38.93,38.18,38.779999,35.664619,6841200
9/26/2016,38.52,38.75,37.91,38.040001,34.98407,7854400
9/27/2016,38,39.25,37.98,39.209999,36.060078,9596600
9/28/2016,39.299999,40.23,39.110001,39.23,36.078465,10552400
9/29/2016,39.060001,39.68,39.02,39.029999,35.894531,7181000
9/30/2016,39.150002,39.599998,38.93,39.360001,36.198025,8889300
10/3/2016,39.25,40.049999,39.209999,39.98,36.768211,11629700
10/4/2016,41.25,41.380001,40.099998,40.150002,36.924561,12479200
10/5/2016,40.16,40.48,40.049999,40.32,37.080902,7408700
10/6/2016,40.259998,40.380001,39.75,39.939999,36.731426,9184300
10/7/2016,39.869999,39.93,38.799999,38.950001,35.820961,10707000
10/10/2016,39.209999,39.950001,39.189999,39.77,36.575081,7994100
10/11/2016,40.25,40.259998,38.790001,38.939999,35.811756,12166600
10/12/2016,39.009998,39.5,38.560001,39.27,36.115253,11127500
10/13/2016,38.529999,40.880001,37.91,40.009998,36.795799,24274100
10/14/2016,40.450001,40.75,39.82,40.040001,36.823395,12133300
10/17/2016,39.740002,40.490002,39.259998,39.349998,36.188824,10535100
10/18/2016,39.389999,40.27,39.049999,39.459999,36.289986,13433800
10/19/2016,39.549999,40.919998,39.189999,40.900002,37.614304,13814400
10/20/2016,40.82,41.540001,40.73,41.459999,38.129318,14613500
10/21/2016,41.080002,41.310001,40.66,41.169998,37.862617,9050900
10/24/2016,41.389999,41.75,41.150002,41.369999,38.046551,8714100
10/25/2016,41.200001,41.889999,40.950001,41.209999,37.899395,8696400
10/26/2016,40.150002,42.41,40.049999,41.400002,38.074142,14175900
10/27/2016,41.619999,42.25,40.919998,41.470001,38.138515,9546700
10/28/2016,41.389999,41.880001,41,41.34,38.018955,8474700
10/31/2016,41.720001,41.82,41.130001,41.77,38.414417,8697100
11/1/2016,41.84,42.48,41.549999,41.880001,38.515575,10889300
11/2/2016,41.84,42.369999,41.720001,41.93,38.561565,10361500
11/3/2016,42.060001,42.57,41.77,41.919998,38.552361,8142800
11/4/2016,41.810001,43.240002,41.75,42.880001,39.435242,10813000
11/7/2016,43.400002,44.610001,43.029999,44.209999,40.658401,11534700
11/8/2016,43.630001,44.639999,43.130001,44.529999,41.141598,9732800
11/9/2016,43.700001,45.490002,43.57,45.25,41.806808,13290300
11/10/2016,45.419998,46.130001,44.970001,45.950001,42.453548,20759900
11/11/2016,45.75,46.950001,45.27,46.380001,42.85083,10272900
11/14/2016,46.619999,47.48,46.610001,47.470001,43.857891,11932500
11/15/2016,49.02,49.240002,47,47.650002,44.024189,14153200
11/16/2016,47.59,47.740002,47.16,47.380001,43.774734,6886400
11/17/2016,47.41,48.529999,47.209999,48.509998,44.818748,8569700
11/18/2016,48.799999,48.98,48.25,48.900002,45.179077,8250900
11/21/2016,48.98,49.169998,48.509998,48.610001,44.91114,8665000
11/22/2016,48.84,49.299999,48.75,48.900002,45.179077,8941800
11/23/2016,48.790001,49.290001,48.630001,49.209999,45.465488,4723700
11/25/2016,49.169998,49.41,48.889999,49.240002,45.49321,2241400
11/28/2016,49.080002,49.349998,48.48,48.490002,44.800274,9227900
11/29/2016,48.529999,49.049999,48.23,48.59,44.892662,7057000
11/30/2016,47.549999,48.75,46.849998,48.18,44.513863,9245300
12/1/2016,47.959999,48.939999,47.599998,47.77,44.135052,9802400
12/2/2016,48.32,48.939999,47.889999,48.310001,44.633972,8869900
12/5/2016,48.509998,48.810001,47.59,47.82,44.181263,9240200
12/6/2016,48.209999,49.490002,48.110001,49.43,45.668747,9142600
12/7/2016,49.439999,51.330002,49.18,51.099998,47.21167,10667600
12/8/2016,51.099998,51.919998,50.540001,51.349998,47.442646,9489100
12/9/2016,52,52.759998,51.259998,51.779999,47.839924,8526700
12/12/2016,51.029999,51.34,49.93,49.970001,46.16766,8648700
12/13/2016,50.02,50.700001,49.619999,49.66,45.881248,8855500
12/14/2016,49.860001,50.580002,49.580002,49.82,46.029068,9555000
12/15/2016,50.48,51.740002,50.43,50.5,46.657333,10302100
12/16/2016,51.02,51.5,50.09,50.16,46.343201,10039600
12/19/2016,50.220001,50.740002,50.189999,50.419998,46.583412,4998300
12/20/2016,50.43,51.150002,50.419998,50.759998,46.897541,6176300
12/21/2016,50.68,51.150002,50.450001,50.919998,47.045368,4077700
12/22/2016,50.77,50.849998,49.66,49.799999,46.01059,5407300
12/23/2016,49.939999,50.139999,49.779999,49.889999,46.093742,4046300
12/27/2016,49.950001,50.610001,49.93,50.360001,46.527988,3365600
12/28/2016,50.349998,50.459999,49.450001,49.509998,45.742657,4520200
12/29/2016,49.540001,49.849998,49.209999,49.310001,45.557884,3348300
12/30/2016,49.34,49.560001,48.869999,49.189999,45.44701,4532400
1/3/2017,49.369999,50.139999,49.169998,49.48,45.714947,5423200
1/4/2017,50.09,50.93,49.990002,50.700001,46.84211,7898600
1/5/2017,50.41,50.689999,49.5,49.73,45.945919,5806200
1/6/2017,49.790001,50.299999,49.220001,49.68,45.899723,6922700
1/9/2017,49.459999,50.169998,49.419998,49.689999,45.908966,5332900
1/10/2017,49.93,51.349998,49.860001,50.93,47.054611,8440500
1/11/2017,51.459999,51.740002,50.650002,51.439999,47.525803,10001600
1/12/2017,51.299999,52,49.669998,50.889999,47.017654,14284800
1/13/2017,50.790001,51.639999,50.779999,51.23,47.331787,7380600
1/17/2017,50.990002,51.220001,50.189999,50.330002,46.500271,7477500
1/18/2017,50.139999,50.799999,49.790001,50.299999,46.472546,7076500
1/19/2017,50.279999,50.5,49.619999,49.700001,45.918198,7012700
1/20/2017,49.77,50.540001,49.709999,50.5,46.657333,7722400
1/23/2017,50.279999,50.43,48.77,48.77,45.058975,8753100
1/24/2017,48.91,49.759998,48.82,49.439999,45.677986,6398100
1/25/2017,49.990002,50.43,49.810001,50.189999,46.370918,8096300
1/26/2017,50.689999,51.540001,50.560001,50.900002,47.02689,8905600
1/27/2017,51,51.119999,49.57,49.700001,45.918198,6852000
1/30/2017,48.950001,48.950001,47.540001,47.669998,44.042671,12745600
1/31/2017,47.790001,47.830002,46.57,47.240002,43.64539,12533800
2/1/2017,47.48,47.77,47.040001,47.259998,43.663864,8377500
2/2/2017,46.59,47.66,46.48,47.380001,43.774734,8795700
2/3/2017,47.52,48,47.41,47.810001,44.172024,5632300
2/6/2017,48.189999,48.68,47.93,48.259998,44.587769,7169200
2/7/2017,48.439999,48.939999,48.080002,48.150002,44.486149,7262900
2/8/2017,48.259998,48.299999,47.73,48.099998,44.439945,5342600
2/9/2017,48.099998,49.549999,48.099998,49.330002,45.576355,7274700
2/10/2017,49.549999,49.57,49.02,49.259998,45.511688,5322600
2/13/2017,49.369999,50.419998,49.279999,50.060001,46.250809,6565900
2/14/2017,49.82,49.990002,49.099998,49.860001,46.066021,7024600
2/15/2017,50.950001,51.959999,50.529999,51.169998,47.276352,12705000
2/16/2017,51.16,51.169998,50.59,50.830002,46.962219,6626700
2/17/2017,50.59,51.23,50.189999,51.23,47.331787,5428000
2/21/2017,51.299999,51.529999,50.970001,51.209999,47.313305,6406500
2/22/2017,51,51.139999,50.48,50.93,47.241886,4345100
2/23/2017,51.119999,51.490002,50.189999,50.48,46.824463,6470900
2/24/2017,50.380001,50.52,49.880001,50.459999,46.805916,8154700
2/27/2017,50.330002,50.459999,49.830002,50.439999,46.787361,7574200
2/28/2017,50.5,50.599998,49.860001,49.93,46.314293,6950200
3/1/2017,50.41,51.869999,50.349998,51.029999,47.334629,14144700
3/2/2017,50,50.689999,49.810001,49.959999,46.342125,12527200
3/3/2017,50.009998,50.639999,49.720001,50.130001,46.499809,11170800
3/6/2017,49.5,49.849998,48.209999,48.849998,45.3125,11368700
3/7/2017,48.52,48.669998,47.57,47.639999,44.190125,10266200
3/8/2017,47.68,47.970001,47.52,47.669998,44.217953,7165900
3/9/2017,47.689999,48.349998,46.959999,47.25,43.828362,8790500
3/10/2017,47.310001,47.98,47.209999,47.91,44.440567,6263100
3/13/2017,47.900002,48.220001,47.169998,47.349998,43.921127,6995300
3/14/2017,47.02,47.07,46.119999,46.279999,42.928612,14313200
3/15/2017,45.93,47.490002,45.23,47.189999,43.772713,17933000
3/16/2017,47.619999,47.700001,47.02,47.41,43.97678,7899000
3/17/2017,47.619999,47.650002,46.509998,46.509998,43.141956,12295000
3/20/2017,47.23,47.23,46.549999,46.849998,43.457333,5867100
3/21/2017,47.07,47.18,45.43,45.52,42.223648,10366200
3/22/2017,45.25,45.84,44.470001,45.740002,42.427723,12064000
3/23/2017,45.869999,46.220001,45.470001,45.919998,42.594685,5589200
3/24/2017,46.099998,46.310001,45.599998,46,42.668888,6290300
3/27/2017,45.369999,46.259998,45.080002,46.099998,42.76165,9023000
3/28/2017,46.099998,46.799999,45.759998,46.529999,43.160507,7321200
3/29/2017,46.419998,46.650002,45.73,45.950001,42.622505,6321100
3/30/2017,46.02,46.48,45.91,46.27,42.919334,4909100
3/31/2017,46.119999,46.290001,45.889999,45.959999,42.631783,7052700
4/3/2017,45.959999,46.34,45.57,46.32,42.965714,7398100
4/4/2017,45.84,46.049999,45,45.110001,41.843338,8765500
4/5/2017,45.43,46.099998,45.040001,45.080002,41.81551,8313400
4/6/2017,45.119999,45.66,44.869999,45.259998,41.982479,6080400
4/7/2017,45.220001,45.41,44.75,45.169998,41.898991,9007300
4/10/2017,45.07,45.23,44.599998,44.970001,41.713482,9945400
4/11/2017,45,45.32,44.490002,45.290001,42.010307,10506800
4/12/2017,46.970001,47.169998,45,45.049999,41.787678,14332800
4/13/2017,44.889999,45,43.810001,44.029999,40.841545,14894000
4/17/2017,44.130001,44.450001,44,44.349998,41.138374,7140300
4/18/2017,44.200001,44.779999,43.970001,44.41,41.194027,7973800
4/19/2017,44.810001,45.599998,44.700001,45.080002,41.81551,8488200
4/20/2017,45.41,46.169998,45.25,45.93,42.603958,7679200
4/21/2017,45.849998,46.040001,45.299999,45.529999,42.232922,6396000
4/24/2017,46.5,46.93,46.07,46.810001,43.420238,12522600
4/25/2017,47.139999,47.549999,46.700001,46.73,43.346024,7873900
4/26/2017,46.73,47.060001,46.34,46.369999,43.012096,7610700
4/27/2017,45.68,45.860001,44.860001,45.740002,42.427723,12388000
4/28/2017,45.900002,46.040001,45.290001,45.439999,42.149441,6600000
5/1/2017,45.59,46,45.400002,45.400002,42.112335,6378900
5/2/2017,45.669998,47.93,45.509998,47.830002,44.366375,12931000
5/3/2017,47.66,48.490002,47.540001,48.310001,44.811604,9912400
5/4/2017,48.459999,48.799999,48.200001,48.639999,45.117706,7467400
5/5/2017,48.630001,49.029999,48.25,48.700001,45.173367,5275200
5/8/2017,48.73,49.09,48.400002,48.52,45.006405,8671600
5/9/2017,49,49.939999,48.880001,49.560001,45.971088,8759600
5/10/2017,49.349998,49.990002,49.200001,49.970001,46.351398,7548700
5/11/2017,50.009998,50.18,48.91,49.689999,46.091675,8817400
5/12/2017,49.490002,49.57,48.900002,48.990002,45.442371,7180500
5/15/2017,49.119999,49.709999,49,49.509998,45.924706,5539300
5/16/2017,49.619999,49.639999,48.779999,49.509998,45.924706,6422800
5/17/2017,49.310001,49.310001,47.669998,47.740002,44.465202,8274500
5/18/2017,47.639999,48.290001,47.549999,47.66,44.39069,5071000
5/19/2017,47.849998,48.639999,47.810001,48.200001,44.89365,6137000
5/22/2017,48.369999,48.720001,48.34,48.490002,45.163757,6548300
5/23/2017,48.560001,48.830002,48.310001,48.59,45.256893,5592300
5/24/2017,48.669998,48.970001,48.48,48.869999,45.517689,5139600
5/25/2017,48.990002,50.43,48.959999,50.400002,46.942738,7421000
5/26/2017,50.310001,50.950001,50.310001,50.799999,47.315296,5778500
5/30/2017,50.59,50.59,49.040001,49.060001,45.694653,10523500
5/31/2017,49.189999,49.349998,48.52,49.130001,45.759846,8088900
6/1/2017,49.32,50.07,49.299999,49.849998,46.430454,7431600
6/2/2017,50.549999,51.880001,50.5,51.189999,47.678547,11872100
6/5/2017,50.990002,51.490002,50.57,51.389999,47.864822,9018000
6/6/2017,51.150002,51.689999,51.049999,51.23,47.715797,6826300
6/7/2017,51.009998,52.5,50.650002,52.27,48.684464,10888400
6/8/2017,52.27,53.450001,52.200001,52.84,49.215355,9057200
6/9/2017,52.900002,53.57,52.66,53.009998,49.373695,9709000
6/12/2017,52.950001,52.970001,51.369999,52.25,48.665829,9751100
6/13/2017,52.259998,52.84,51.459999,51.869999,48.31189,8280600
6/14/2017,52.009998,52.200001,51.540001,51.91,48.349155,6019000
6/15/2017,51.630001,51.84,50.919998,51.560001,48.023167,6871200
6/16/2017,51.549999,52,51.25,52,48.432983,6254500
6/19/2017,52.099998,52.630001,51.939999,52.509998,48.908001,7674700
6/20/2017,52.68,52.799999,51.66,51.759998,48.209446,7050100
6/21/2017,52.049999,52.580002,51.75,52.27,48.684464,5135100
6/22/2017,52.990002,53.200001,52.169998,52.810001,49.18742,7240900
6/23/2017,52.799999,53.169998,52.619999,52.919998,49.289871,15792900
6/26/2017,53.02,53.790001,52.700001,52.869999,49.243298,6127500
6/27/2017,52.860001,53.209999,52.599998,52.84,49.215355,5921800
6/28/2017,53.25,54.200001,53.25,53.84,50.146759,6745200
6/29/2017,54.110001,54.529999,53.68,53.869999,50.174702,7188300
6/30/2017,54,54.279999,53.73,53.740002,50.053623,5012800
7/3/2017,54.259998,54.709999,53.740002,54.060001,50.351673,3532100
7/5/2017,54.150002,54.610001,53.740002,54.330002,50.603146,5793000
7/6/2017,54.18,54.84,53.889999,54.369999,50.640411,6221400
7/7/2017,54.549999,55.5,54.279999,55.459999,51.65564,7493300
7/10/2017,55.040001,55.75,54.639999,54.810001,51.050228,7971800
7/11/2017,54.82,55.040001,54.18,54.279999,50.556576,5442100
7/12/2017,54.799999,55.59,54.75,55.48,51.674263,12101600
7/13/2017,54.549999,55.029999,53.82,54.5,50.76149,13257400
7/14/2017,54.5,55.389999,54.400002,55.130001,51.348274,9228700
7/17/2017,55.200001,55.290001,54.610001,54.639999,50.89188,5387400
7/18/2017,54.5,54.5,53.880001,53.959999,50.25853,6421200
7/19/2017,53.77,54.34,53.099998,53.790001,50.100197,10733000
7/20/2017,53.790001,53.91,52.759998,52.830002,49.206043,8418300
7/21/2017,52.549999,52.700001,52.07,52.259998,48.67514,6847600
7/24/2017,52.16,52.41,51.419998,51.529999,47.995216,8208700
7/25/2017,51.919998,52.209999,51.080002,51.139999,47.631973,5815200
7/26/2017,51.150002,51.27,50.630001,51.130001,47.622665,8065100
7/27/2017,50.400002,50.98,49.529999,50.080002,46.64468,12402000
7/28/2017,49.990002,50.380001,49.400002,50.330002,46.877541,8652600
7/31/2017,50.470001,50.700001,49.259998,49.360001,45.974068,9575700
8/1/2017,49.779999,50.200001,49.259998,50.07,46.635376,7849800
8/2/2017,50.009998,50.299999,49.48,50.009998,46.579487,5215100
8/3/2017,50.119999,50.740002,49.93,50.57,47.101074,5250300
8/4/2017,50.740002,50.799999,50.34,50.610001,47.138332,4426500
8/7/2017,51.200001,51.549999,50.689999,50.75,47.268734,6241700
8/8/2017,50.75,51.040001,50.23,50.310001,46.858906,5847200
8/9/2017,50,50.099998,49.5,49.669998,46.262806,6692200
8/10/2017,49.57,49.650002,48.98,49.040001,45.676022,8925200
8/11/2017,48.950001,49.580002,48.459999,49.48,46.085842,6318900
8/14/2017,49.990002,50.240002,49.66,50.07,46.635376,4666000
8/15/2017,50.25,50.330002,49.860001,49.919998,46.495655,4067600
8/16/2017,50.240002,50.5,50.07,50.130001,46.691254,3696000
8/17/2017,50.02,50.150002,47.5,47.529999,44.2696,12043200
8/18/2017,47.720001,48.119999,47.299999,47.529999,44.2696,8395100
8/21/2017,47.490002,47.900002,47.349998,47.810001,44.817993,4650400
8/22/2017,47.919998,48.07,47.09,47.150002,44.199299,6762800
8/23/2017,46.959999,47,45.790001,46.18,43.290005,10997800
8/24/2017,46.48,46.5,45,45.209999,42.380707,13780200
8/25/2017,45.43,47.060001,45.349998,46.68,43.758717,13938800
8/28/2017,46.830002,47.209999,46.650002,46.950001,44.011818,7816400
8/29/2017,46.139999,46.799999,45.860001,46.619999,43.702461,5648800
8/30/2017,46.459999,47,46.099998,46.830002,43.899326,5960200
8/31/2017,47,47.34,46.84,47.189999,44.236797,5937200
9/1/2017,47.419998,47.849998,47.290001,47.52,44.546146,6099600
9/5/2017,46.77,47.27,45.740002,45.84,42.971279,11344700
9/6/2017,45.220001,47.450001,44.59,47.389999,44.424278,18675300
9/7/2017,47.299999,47.799999,46.970001,47.119999,44.171177,7329100
9/8/2017,46.98,47.77,46.889999,47.450001,44.48053,6110700
9/11/2017,47.950001,49.209999,47.939999,48.82,45.76479,12512600
9/12/2017,48.939999,49.16,48.540001,49.040001,45.971016,5813300
9/13/2017,48.959999,49.130001,48.639999,48.98,45.914772,6255100
9/14/2017,48.900002,48.919998,48.139999,48.27,45.249199,6283900
9/15/2017,48.049999,48.450001,47.849998,48.25,45.230457,17746200
9/18/2017,48.330002,48.450001,47.77,47.959999,44.958611,6011400
9/19/2017,48.009998,48.98,47.75,47.900002,44.902374,6782300
9/20/2017,48,48.599998,47.779999,48.040001,45.033604,5535000
9/21/2017,48,48.349998,47.419998,48.16,45.146091,6235600
9/22/2017,48.259998,48.66,48.099998,48.470001,45.436691,4601600
9/25/2017,48.419998,48.66,47.82,48.32,45.296078,6603400
9/26/2017,48.459999,49.049999,48.27,48.5,45.464813,5232000
9/27/2017,48.900002,49.279999,47.119999,47.720001,44.733635,11658300
9/28/2017,47.459999,48.720001,47.459999,48.310001,45.286701,8309100
9/29/2017,48.400002,48.650002,48,48.220001,45.202335,5533100
10/2/2017,48.349998,48.52,47.900002,48.07,45.061726,8604800
10/3/2017,48.150002,51.369999,48.150002,51.25,48.042709,16065400
10/4/2017,51.220001,52.07,50.98,51.560001,48.333324,8265100
10/5/2017,51.509998,51.77,51.259998,51.68,48.445808,5276300
10/6/2017,51.400002,52.52,51.400002,52.009998,48.755154,6735400
10/9/2017,52.07,52.43,51.439999,51.740002,48.502048,4624800
10/10/2017,52.73,53.709999,52.470001,52.700001,49.401978,11332100
10/11/2017,53.380001,53.970001,52.5,53.07,49.748814,11817800
10/12/2017,53.099998,53.189999,52.540001,53.110001,49.786312,5819300
10/13/2017,53.110001,54.040001,53.02,53.959999,50.583118,7242800
10/16/2017,53.779999,53.849998,53.279999,53.619999,50.2644,4810900
10/17/2017,53.509998,54.060001,52.66,52.759998,49.458218,6547600
10/18/2017,52.849998,53.119999,52.669998,52.860001,49.551964,5402400
10/19/2017,52.57,52.799999,51.369999,52.27,48.998886,9567800
10/20/2017,52.619999,53.279999,52.529999,53.27,49.936306,6707800
10/23/2017,53.299999,53.360001,52.23,52.279999,49.008263,4095100
10/24/2017,52.5,53.380001,52.029999,53.18,49.851933,5306700
10/25/2017,53.259998,53.299999,52.130001,52.240002,48.97076,6043500
10/26/2017,52.869999,53.619999,50.740002,50.93,47.742744,10913600
10/27/2017,50.919998,51.240002,49.950001,50.560001,47.395897,7574000
10/30/2017,50.220001,50.669998,50.009998,50.330002,47.18029,3960500
10/31/2017,50.299999,50.560001,49.950001,50.029999,46.899071,4755400
11/1/2017,50.189999,50.93,49.950001,50.349998,47.199043,5833700
11/2/2017,50.48,50.490002,49.639999,50.34,47.189667,6437200
11/3/2017,50.490002,50.689999,49.880001,50.400002,47.245911,4145000
11/6/2017,50.400002,51.169998,50.279999,50.57,47.405273,6259900
11/7/2017,50.57,50.619999,49.759998,49.91,46.786572,4427000
11/8/2017,49.75,50.400002,49.459999,50.060001,46.927189,3511700
11/9/2017,49.700001,49.990002,49.110001,49.189999,46.111633,5594200
11/10/2017,49.189999,49.369999,48.830002,48.889999,45.830402,7048500
11/13/2017,48.599998,48.900002,48.330002,48.860001,45.802284,5182500
11/14/2017,48.82,48.990002,48.560001,48.900002,45.839787,4855600
11/15/2017,48.66,49.540001,48.34,49.330002,46.242874,6561300
11/16/2017,49.459999,50.650002,49.419998,50.450001,47.587006,6969900
11/17/2017,50.049999,50.189999,49.529999,49.82,46.992756,5005600
11/20/2017,49.84,49.900002,49.119999,49.790001,46.964462,4254700
11/21/2017,50,50.68,49.740002,50.669998,47.794521,4833900
11/22/2017,50.540001,50.830002,50.27,50.41,47.549271,4160200
11/24/2017,50.48,50.48,49.98,50.110001,47.2663,1841200
11/27/2017,50.049999,50.16,49.400002,49.59,46.775814,5032300
11/28/2017,49.310001,50.68,49.080002,50.580002,47.709629,8571700
11/29/2017,50.830002,52.75,50.700001,52.099998,49.143364,10936400
11/30/2017,52.5,53.5,52.27,52.919998,49.916828,9432600
12/1/2017,52.549999,53.580002,51.759998,52.060001,49.105637,8852400
12/4/2017,53.27,54.130001,52.5,52.91,49.907406,8867100
12/5/2017,52.84,53.169998,52.310001,52.389999,49.416916,5536800
12/6/2017,52.209999,52.779999,52.09,52.299999,49.332016,4190400
12/7/2017,52,53.41,51.919998,53.41,50.379025,7115200
12/8/2017,53.950001,54.619999,53.369999,53.459999,50.426182,6642700
12/11/2017,53.720001,54.860001,53.5,54.369999,51.28455,7356000
12/12/2017,54.470001,54.790001,53.540001,53.619999,50.577106,6030500
12/13/2017,53.810001,53.970001,53.130001,53.630001,50.586544,6289300
12/14/2017,54.880001,55.599998,53.919998,55.25,52.114609,13621800
12/15/2017,55.389999,56.490002,55.360001,56.099998,52.916374,14378900
12/18/2017,56.52,56.77,55.889999,56.07,52.888077,8709800
12/19/2017,56.200001,56.380001,55.490002,55.75,52.586231,6444100
12/20/2017,56,56.610001,55.68,56.220001,53.02956,7234700
12/21/2017,56.490002,56.84,55.900002,56.029999,52.850342,8245100
12/22/2017,56.169998,56.23,55.869999,56.029999,52.850342,3891800
12/26/2017,55.900002,56.779999,55.889999,56.43,53.227638,3276700
12/27/2017,56.369999,56.490002,55.919998,56.119999,52.935234,3766400
12/28/2017,56.18,56.509998,55.990002,56.349998,53.152176,3651800
12/29/2017,56.529999,56.689999,55.990002,56,52.822048,3120200
1/2/2018,56.290001,56.740002,55.869999,56.740002,53.520058,5297600
1/3/2018,56.470001,56.599998,55.07,55.689999,52.529636,9332000
1/4/2018,55.73,55.860001,54.93,55.689999,52.529636,9026100
1/5/2018,55.720001,56.049999,55.400002,55.970001,52.793747,5191300
1/8/2018,55.919998,56.029999,54.5,54.68,51.576958,9654700
1/9/2018,54.799999,55.220001,53.880001,54.169998,51.095901,10374700
1/10/2018,54.740002,55.950001,54.720001,55.860001,52.689991,12318300
1/11/2018,57.099998,59.200001,56.259998,58.52,55.199039,25935300
1/12/2018,59.110001,60.5,58.91,59.830002,56.434704,12268400
1/16/2018,60.200001,60.790001,58.900002,59.349998,55.981937,12082900
1/17/2018,59.630001,60.16,59.470001,59.720001,56.33094,6088100
1/18/2018,59.799999,60.049999,59.23,59.450001,56.076267,5846600
1/19/2018,59.689999,60.02,59.080002,60.009998,56.604481,6192400
1/22/2018,59.900002,60.16,59.389999,60.130001,56.717674,7055600
1/23/2018,60.099998,60.279999,59.41,59.93,56.52903,7427100
1/24/2018,56.439999,57.139999,55.560001,56.799999,53.576645,21197900
1/25/2018,57,57.139999,54.490002,54.810001,51.699581,18385800
1/26/2018,55.310001,55.900002,54.830002,55.259998,52.124039,9431500
1/29/2018,55,56.200001,55,55.759998,52.595669,8781700
1/30/2018,55.599998,56.540001,55.419998,56.119999,52.935234,7026800
1/31/2018,56.299999,57.27,56.240002,56.77,53.548347,8609600
2/1/2018,56.509998,57.18,56,56.419998,53.218212,5492900
2/2/2018,56.080002,56.27,54.540001,54.619999,51.520367,8963000
2/5/2018,54,54.720001,52.5,52.52,49.539528,9476700
2/6/2018,51.869999,53.5,51.259998,53.099998,50.086617,12240800
2/7/2018,52.830002,54.450001,52.799999,53.849998,50.794052,8995400
2/8/2018,53.849998,53.900002,51.209999,51.23,48.322739,12197900
2/9/2018,51.950001,52,48.52,50.459999,47.596439,19053400
2/12/2018,51.220001,52.490002,50.720001,52.049999,49.096207,10610200
2/13/2018,51.860001,52.290001,51.360001,52.169998,49.209389,8220600
2/14/2018,51.889999,52.580002,51.75,52.200001,49.23769,7797900
2/15/2018,52.57,53.16,51.98,52.950001,49.945129,4877800
2/16/2018,52.869999,53.52,52.77,52.849998,49.850803,5556500
2/20/2018,52.529999,53.209999,52.299999,52.470001,49.492374,6719400
2/21/2018,52.669998,54.389999,52.580002,53.16,50.143215,7604700
2/22/2018,53.259998,53.450001,52.450001,52.549999,49.853867,4899800
2/23/2018,52.799999,53.48,52.630001,53.459999,50.717167,4270200
2/26/2018,54.610001,54.799999,53.75,54.689999,51.884064,7397700
2/27/2018,54.59,55.009998,53.529999,53.619999,50.868965,5979200
2/28/2018,53.869999,54.5,53.360001,53.900002,51.134605,6328200
3/1/2018,53.869999,54.959999,53.009998,53.349998,50.612823,7876800
3/2/2018,52.779999,53.43,51.810001,53.259998,50.527428,6860500
3/5/2018,52.91,54.09,52.580002,53.790001,51.030247,5964000
3/6/2018,53.919998,54.110001,53.48,53.84,51.077682,4690900
3/7/2018,53.360001,53.66,53.130001,53.529999,50.783581,4554400
3/8/2018,53.959999,55.009998,53.860001,54.639999,51.836632,6740700
3/9/2018,54.939999,56.09,54.580002,56.09,53.212242,6975900
3/12/2018,56.25,56.48,55.57,56.16,53.278648,6337600
3/13/2018,56.360001,57.009998,55.459999,56.59,53.686588,9137400
3/14/2018,56.619999,57.259998,56.009998,56.150002,53.269161,7157000
3/15/2018,56.470001,56.549999,55.810001,56.34,53.449417,4266300
3/16/2018,56.459999,57.310001,56.43,56.689999,53.781456,6546600
3/19/2018,56.540001,56.73,55.529999,55.959999,53.088913,6121000
3/20/2018,56.16,56.720001,55.950001,56.5,53.601212,4363500
3/21/2018,55.490002,56.360001,54.75,55.950001,53.079422,9313900
3/22/2018,55.5,56,54.630001,54.669998,51.865093,6631400
3/23/2018,54.779999,55.209999,53.84,53.900002,51.134605,7321400
3/26/2018,54.57,55.279999,54.07,55.060001,52.235085,5808800
3/27/2018,55.310001,55.48,53.959999,54.259998,51.476128,6699600
3/28/2018,54.470001,54.869999,53.720001,53.93,51.163063,7473500
3/29/2018,54.02,55.220001,53.75,54.810001,51.997913,5960300
4/2/2018,54.59,54.630001,50.950001,51.950001,49.284645,10228200
4/3/2018,52.490002,53.77,52.27,53.720001,50.96384,6776300
4/4/2018,52.790001,53.98,52.599998,53.860001,51.096653,6378300
4/5/2018,54.310001,54.48,53.700001,54.209999,51.428692,4417800
4/6/2018,53.849998,54.299999,52.509998,53.049999,50.328209,6918700
4/9/2018,53.360001,53.700001,52.48,52.560001,49.863354,6179300
4/10/2018,53.349998,53.380001,51.43,52.360001,49.673618,12220000
4/11/2018,52,52.540001,51.360001,51.470001,48.829277,7799600
4/12/2018,52.599998,53.639999,51.950001,52.98,50.261803,12713600
4/13/2018,53.619999,54.439999,52.5,52.919998,50.204876,9925900
4/16/2018,53.27,54.830002,53.27,54.299999,51.514076,9490400
4/17/2018,55,55.200001,54.029999,54.549999,51.751247,7380400
4/18/2018,55.009998,56.02,54.720001,55.209999,52.377396,7504900
4/19/2018,55.040001,55.23,54.560001,55.07,52.244576,5217500
4/20/2018,55.23,55.82,55.16,55.400002,52.557648,7445700
4/23/2018,55.77,55.799999,54.169998,54.610001,51.808174,5360400
4/24/2018,54.77,55.299999,53.110001,53.810001,51.049221,7655000
4/25/2018,53.939999,54.959999,53.209999,54.650002,51.846123,7219800
4/26/2018,53.900002,54.040001,52.779999,53.130001,50.404106,12130500
4/27/2018,53.27,53.700001,53.09,53.5,50.755127,5699000
4/30/2018,53.549999,53.779999,52.220001,52.220001,49.540794,8200000
5/1/2018,52.27,52.849998,51.849998,52.740002,50.034122,6799500
5/2/2018,52.810001,53.169998,52.279999,52.360001,49.673618,5142800
5/3/2018,52.02,52.119999,51.09,51.790001,49.132858,7083100
5/4/2018,51.580002,52.490002,51.580002,52.34,49.65464,4535200
5/7/2018,52.400002,52.400002,51.470001,51.900002,49.237213,6055800
5/8/2018,52.060001,53.060001,51.950001,52.369999,49.683102,6361100
5/9/2018,52.169998,52.279999,51.459999,51.619999,48.971577,8403900
5/10/2018,51.549999,52.32,51.32,52.060001,49.68256,7590700
5/11/2018,52,53.080002,51.880001,52.900002,50.4842,7810800
5/14/2018,52.900002,53.259998,51.849998,52.09,49.711189,10466400
5/15/2018,51.970001,52.720001,51.759998,52.369999,49.978397,6572800
5/16/2018,52.41,53.990002,52.41,53.48,51.037708,6997400
5/17/2018,53.419998,53.970001,53,53.099998,50.67506,6069600
5/18/2018,53.009998,53.23,52.810001,52.950001,50.53191,5819000
5/21/2018,53.27,54.349998,53.240002,53.98,51.51487,5413600
5/22/2018,54.380001,54.990002,53.419998,53.52,51.075886,4943600
5/23/2018,53.209999,53.459999,52.98,53.400002,50.961365,3692000
5/24/2018,53.529999,54.57,53.529999,54.400002,51.915699,5251200
5/25/2018,54.650002,56.119999,54.619999,55.869999,53.318562,7597300
5/29/2018,55.389999,55.599998,53.82,54.23,51.753456,6544600
5/30/2018,54.490002,54.709999,53.669998,54.310001,51.829803,4149700
5/31/2018,54.419998,54.84,53.939999,54.049999,51.581676,5365500
6/1/2018,54.419998,54.73,54.07,54.419998,51.934776,4317800
6/4/2018,54.779999,55.43,54.450001,55.189999,52.669613,4472400
6/5/2018,54.959999,55,54.290001,54.669998,52.173363,4968300
6/6/2018,53.200001,54.310001,52.630001,54.169998,51.696198,10825300
6/7/2018,53.91,54.07,52.889999,53.459999,51.018623,6858000
6/8/2018,53.060001,54.139999,53.060001,54.09,51.619854,5858500
6/11/2018,54.360001,55.84,54.240002,54.889999,52.38332,6800800
6/12/2018,54.84,54.84,53.98,54.549999,52.058846,5253700
6/13/2018,54.630001,55.07,54.380001,54.650002,52.154278,4384900
6/14/2018,54.779999,55.5,54.610001,54.900002,52.39286,5456100
6/15/2018,54.650002,55.18,54.119999,55.18,52.660072,8125300
6/18/2018,54.73,55.060001,54.299999,54.799999,52.297424,5836500
6/19/2018,54.330002,54.439999,53.32,53.779999,51.324009,5830800
6/20/2018,54,54.59,53.709999,53.84,51.381268,4541300
6/21/2018,53.799999,54.310001,53.400002,53.73,51.276291,4806800
6/22/2018,53.5,53.990002,52.419998,52.720001,50.312412,10311600
6/25/2018,52.279999,52.599998,50.720001,51.310001,48.966805,7547800
6/26/2018,51.529999,51.619999,50.91,51.07,48.737766,4810300
6/27/2018,51.029999,51.18,49.700001,49.889999,47.611652,9035800
6/28/2018,49.82,50.009998,49.049999,49.799999,47.525761,6871800
6/29/2018,49.810001,50.32,49.509998,49.540001,47.277634,6703900
7/2/2018,49.25,50.169998,48.91,49.919998,47.640282,8300000
7/3/2018,49.25,49.529999,48.619999,48.779999,46.552345,6449500
7/5/2018,49.099998,49.279999,48.52,49.259998,47.010422,6335900
7/6/2018,49.34,49.779999,49.080002,49.580002,47.315811,4903000
7/9/2018,49.580002,50.779999,49.299999,50.509998,48.203339,7895600
7/10/2018,50.599998,50.66,49.610001,50.599998,48.289227,7366600
7/11/2018,50.139999,50.139999,48.810001,49.84,47.563934,10426500
7/12/2018,50.900002,51.279999,49.119999,50.73,48.413288,12625600
7/13/2018,50.5,50.990002,50.330002,50.77,48.451466,6835900
7/16/2018,50.900002,50.91,50.09,50.669998,48.35603,8603200
7/17/2018,50.599998,51.57,50.599998,51.139999,48.804569,5299000
7/18/2018,52.439999,53.549999,52.380001,52.799999,50.38876,10212300
7/19/2018,52.860001,53.240002,52.43,53,50.579628,6391400
7/20/2018,52.66,52.889999,51.970001,51.990002,49.615757,6697500
7/23/2018,51.799999,52.380001,51.330002,52.240002,49.85434,4509200
7/24/2018,52.380001,52.560001,51.57,51.68,49.319912,4652700
7/25/2018,51.259998,51.720001,51.259998,51.66,49.63699,4727600
7/26/2018,51.66,54.240002,51.509998,53.98,51.866138,10322100
7/27/2018,53.950001,54.77,53.919998,54.459999,52.327335,6561000
7/30/2018,54.32,54.880001,53.75,53.790001,51.683575,5676700
7/31/2018,53.93,55.049999,53.810001,54.419998,52.288902,6048100
8/1/2018,54.790001,54.869999,53.389999,53.59,51.491409,4203400
8/2/2018,53.209999,54.099998,52.939999,53.91,51.798878,4483600
8/3/2018,54.16,54.439999,54.009998,54.259998,52.135166,3147300
8/6/2018,54.099998,54.529999,53.84,54.419998,52.288902,3122300
8/7/2018,54.599998,55.09,54.52,54.700001,52.557938,4425300
8/8/2018,54.869999,55.549999,54.849998,55.23,53.067181,3562200
8/9/2018,55.209999,55.720001,55.130001,55.34,53.172878,2890400
8/10/2018,54.779999,54.830002,53.849998,54.709999,52.567551,4204400
8/13/2018,54.880001,54.880001,53.759998,54.220001,52.096741,3896600
8/14/2018,54.259998,55.060001,54.259998,54.759998,52.615589,3459900
8/15/2018,54.799999,55.549999,54.360001,55.23,53.067181,4896500
8/16/2018,55.330002,55.799999,55.220001,55.450001,53.278572,3366100
8/17/2018,55.490002,55.990002,55.310001,55.650002,53.470737,3266500
8/20/2018,55.970001,57.700001,55.860001,57.419998,55.171421,7005800
8/21/2018,57.529999,58.029999,57.439999,57.599998,55.344372,4732300
8/22/2018,57.5,57.5,56.779999,56.91,54.681396,4246100
8/23/2018,56.810001,57.32,56.720001,56.939999,54.710224,3051900
8/24/2018,56.779999,57.380001,56.549999,57.18,54.940826,3149600
8/27/2018,57.470001,57.93,57.27,57.75,55.488503,4278900
8/28/2018,57.950001,58.869999,57.810001,58.790001,56.487778,7035300
8/29/2018,58.799999,58.869999,58.41,58.52,56.228352,4543300
8/30/2018,58.330002,58.689999,58.18,58.439999,56.151478,3020300
8/31/2018,58.439999,58.779999,58.34,58.48,56.189919,6076700
9/4/2018,58.5,59.18,58.439999,58.880001,56.574253,5017400
9/5/2018,59,59.599998,56.950001,57.209999,54.969646,9495500
9/6/2018,57.209999,57.52,56.18,56.439999,54.229797,7618100
9/7/2018,56.080002,57.68,55.689999,56.860001,54.633358,6307600
9/10/2018,57.049999,57.740002,56.82,57.560001,55.305943,3894900
9/11/2018,57.330002,58.459999,57.16,58.27,55.988136,4717500
9/12/2018,58.34,58.380001,57.16,57.389999,55.142597,5116100
9/13/2018,57.389999,58.25,57.389999,57.82,55.555763,3568400
9/14/2018,57.759998,58.330002,57.630001,57.93,55.661449,3449300
9/17/2018,57.790001,58.360001,57.790001,57.959999,55.690277,3944600
9/18/2018,57.869999,58.299999,56.919998,57.830002,55.565372,3746900
9/19/2018,57.860001,58.27,57.75,57.900002,55.632633,3423000
9/20/2018,58.200001,58.459999,57.900002,58.130001,55.853622,3448100
9/21/2018,58.439999,60.23,58.389999,59.610001,57.275665,11936300
9/24/2018,59.16,59.16,57.130001,57.41,55.161819,6640000
9/25/2018,57.439999,57.549999,56.41,57.099998,54.863956,4635500
9/26/2018,57.400002,57.950001,57.18,57.509998,55.257896,5306700
9/27/2018,57.82,58.580002,57.82,58,55.72871,3897600
9/28/2018,58,58.27,57.540001,57.830002,55.565372,4642500
10/1/2018,57.990002,58.139999,56.32,56.599998,54.383533,5839900
10/2/2018,55.439999,55.599998,54.209999,54.689999,52.548332,8604600
10/3/2018,54.990002,55.200001,54.25,54.32,52.192825,6966700
10/4/2018,54.25,54.43,53.040001,53.560001,51.462585,7681100
10/5/2018,53.740002,53.860001,52.540001,52.700001,50.636265,5621700
10/8/2018,52.369999,52.709999,51.610001,52.139999,50.09819,5495700
10/9/2018,52.529999,52.93,50.759998,50.860001,48.868313,8284700
10/10/2018,50.73,50.830002,49.68,49.709999,47.763348,13082900
10/11/2018,51.5,52.599998,50.669998,51.48,49.464039,15887500
10/12/2018,52.560001,52.709999,51.360001,52.049999,50.011715,9677300
10/15/2018,52,52.5,51.759998,51.84,49.80994,6494400
10/16/2018,52.060001,53.220001,52.02,53.110001,51.030205,6684000
10/17/2018,54.93,55.279999,53.700001,54.299999,52.173599,9184200
10/18/2018,54.290001,54.299999,52.959999,53.130001,51.049427,5871200
10/19/2018,53.130001,53.580002,52.759998,53.389999,51.299236,4989800
10/22/2018,53.540001,54.43,53.299999,54.240002,52.115959,6174200
10/23/2018,53.299999,53.650002,52.029999,53.450001,51.356892,7679800
10/24/2018,53.5,53.599998,51.369999,51.509998,49.492859,6759100
10/25/2018,51.41,53.959999,51.360001,53.709999,51.606709,9174400
10/26/2018,53.310001,54.189999,52.139999,53.279999,51.19355,9573000
10/29/2018,54.150002,54.77,52.560001,53.419998,51.32806,10819700
10/30/2018,53.389999,55.220001,53.380001,55.119999,52.961491,7526200
10/31/2018,55.610001,56.130001,54.68,54.73,52.586761,8699500
11/1/2018,54.93,56.23,54.790001,56.040001,53.845463,6401100
11/2/2018,56.5,57.029999,55.639999,56.119999,53.922329,6488600
11/5/2018,56.02,56.380001,55.549999,56.049999,53.85508,5206000
11/6/2018,55.709999,55.869999,54.75,55.470001,53.63269,5983100
11/7/2018,55.810001,57.25,55.639999,56.790001,54.908974,7204600
11/8/2018,56.59,56.959999,55.880001,56.73,54.850956,4150400
11/9/2018,56.830002,57.209999,56.380001,56.650002,54.773609,6061600
11/12/2018,56.599998,57.189999,56.200001,56.700001,54.821949,4553900
11/13/2018,57.130001,57.919998,56.790001,56.82,54.937977,6004400
11/14/2018,56.93,57.560001,56.209999,56.43,54.560894,5543300
11/15/2018,56.16,56.259998,55,56.099998,54.241825,6969000
11/16/2018,55.810001,56.02,54.900002,55.900002,54.048454,6719500
11/19/2018,56,56.59,55.759998,56.189999,54.328846,5640400
11/20/2018,55.599998,56.470001,55.279999,55.41,53.57468,5623600
11/21/2018,55.810001,57.32,55.669998,55.970001,54.116135,6509100
11/23/2018,56.490002,57.689999,56.27,57.16,55.266712,3778200
11/26/2018,57.52,57.799999,56.560001,56.709999,54.831623,5927100
11/27/2018,57.310001,59,57.279999,58.310001,56.378624,8879800
11/28/2018,58.369999,58.93,57.709999,58.869999,56.920078,6204000
11/29/2018,58.5,59.43,58.349998,58.860001,56.910408,6793700
11/30/2018,59.259998,61.32,59.169998,60.709999,58.699131,10846900
12/3/2018,61,61.07,59.810001,60.119999,58.12867,6759400
12/4/2018,57.98,59.189999,56.330002,56.939999,55.054005,14429000
12/6/2018,56.630001,58.23,56.509998,58.080002,56.156242,9052500
12/7/2018,57.610001,58.080002,55.5,56.07,54.212818,8193600
12/10/2018,56.23,56.650002,55.310001,56.32,54.45454,5698400
12/11/2018,56.689999,56.959999,55.630001,55.889999,54.038776,7319200
12/12/2018,56.459999,56.970001,56,56.27,54.406193,6175700
12/13/2018,56.23,56.450001,53.349998,53.549999,51.776287,10174900
12/14/2018,52.900002,54.73,52.849998,53.509998,51.737606,5551600
12/17/2018,53.369999,53.369999,52.119999,52.389999,50.654709,5792700
12/18/2018,53.43,53.599998,52.66,52.950001,51.196159,6099500
12/19/2018,53.200001,53.34,51.41,51.93,50.209946,8003600
12/20/2018,51.529999,52.060001,50.02,50.91,49.223732,8428800
12/21/2018,50.509998,51.279999,49.290001,49.450001,47.812092,11680200
12/24/2018,49.25,49.450001,47.900002,47.959999,46.371441,5381300
12/26/2018,48.400002,50.459999,47.91,50.41,48.740292,7452700
12/27/2018,50.029999,50.5,48.32,50.5,48.827309,7136300
12/28/2018,50.529999,51.099998,49.709999,50.18,48.51791,5854800
12/31/2018,50.290001,50.66,49.560001,49.900002,48.247189,6231700
1/2/2019,49.25,50.16,48.880001,50.09,48.430893,5270700
1/3/2019,48.509998,48.939999,45.080002,45.610001,44.099277,18694100
1/4/2019,46.369999,48.830002,46.240002,47.790001,46.207073,11037000
1/7/2019,48,48.439999,47.130001,47.849998,46.265087,9375500
1/8/2019,48.48,48.669998,46.950001,47.470001,45.897671,8231400
1/9/2019,47.099998,48.720001,46.919998,48.470001,46.864555,8095300
1/10/2019,46.68,48.91,45.82,48.73,47.115932,11880200
1/11/2019,48.220001,48.669998,47.59,48.560001,46.951569,6577900
1/14/2019,47.57,47.900002,46.400002,47.75,46.168396,10095100
1/15/2019,47.970001,49.290001,46.849998,47.830002,46.245754,11569500
1/16/2019,48.889999,49.18,47.41,47.5,45.926682,9823000
1/17/2019,47.439999,48.57,47.32,48.220001,46.622829,7312700
1/18/2019,48.639999,48.700001,47.939999,48.110001,46.516472,7850200
1/22/2019,48.049999,48.049999,46.84,47.099998,45.539925,8144400
1/23/2019,47.290001,47.799999,46.939999,47.299999,45.733303,8099900
1/24/2019,48.259998,48.549999,47.169998,47.52,45.946014,9057200
1/25/2019,47.650002,48.150002,46.900002,47.689999,46.110386,11839200
1/28/2019,47.43,48.439999,47.330002,48.009998,46.419788,8212100
1/29/2019,48.41,48.490002,47.869999,48.220001,46.622829,7476500
1/30/2019,48.380001,50.450001,48.360001,50.27,48.604931,13005200
1/31/2019,50.07,50.41,49.09,49.43,47.792755,8287100
2/1/2019,49.630001,50.490002,49.57,49.919998,48.266521,6172900
2/4/2019,49.990002,50.400002,49.560001,50.34,48.672611,5356200
2/5/2019,50.369999,51.060001,50.02,50.540001,48.865982,8727600
2/6/2019,50.169998,50.779999,49.860001,50.52,48.846649,6228100
2/7/2019,50.34,50.669998,49.970001,50.41,48.740292,5673900
2/8/2019,50.07,50.529999,49.919998,50.470001,48.798309,4456600
2/11/2019,50.610001,51.029999,50.599998,50.610001,48.93367,6963900
2/12/2019,50.860001,51.07,49.880001,49.889999,48.237514,8301700
2/13/2019,50.049999,50.73,49.889999,50.41,48.740292,5754900
2/14/2019,50.07,50.73,49.959999,50.48,48.807976,5780000
2/15/2019,50.889999,51.470001,50.57,51.080002,49.388103,6492000
2/19/2019,51,52.220001,51,51.82,50.103588,7904800
2/20/2019,51.18,51.639999,50.57,51.240002,49.542801,7497300
2/21/2019,51.200001,51.860001,51.099998,51.48,49.774853,6615000
2/22/2019,51.599998,51.959999,51.240002,51.52,49.813526,5413200
2/25/2019,51.810001,51.869999,51.27,51.41,49.707169,6180400
2/26/2019,51.400002,51.959999,51.080002,51.119999,49.426777,6826800
2/27/2019,50.970001,51.029999,49.950001,50.43,48.759632,9041600
2/28/2019,50.09,50.169998,49.540001,49.580002,48.27282,9483800
3/1/2019,49.369999,49.73,48.220001,48.959999,47.669155,11393900
3/4/2019,49.040001,49.57,48.43,48.790001,47.503643,10194100
3/5/2019,50.029999,50.490002,49.41,49.720001,48.409122,9800700
3/6/2019,49.810001,50.279999,49.439999,49.709999,48.399384,8702600
3/7/2019,49.509998,49.799999,48.759998,49.59,48.282551,8183600
3/8/2019,49.25,49.599998,48.919998,49.59,48.282551,8570100
3/11/2019,49.799999,51.290001,49.77,51.119999,49.772213,8868100
3/12/2019,51.189999,51.32,50.02,50.669998,49.334072,8073900
3/13/2019,50.98,51.09,50.080002,51.02,49.674847,10536300
3/14/2019,51.380001,52.080002,50.84,50.939999,49.596954,8048800
3/15/2019,51.290001,51.470001,50.98,51.189999,49.840363,8192400
3/18/2019,51.07,51.25,50.529999,50.740002,49.402229,6415200
3/19/2019,50.990002,51.389999,50.82,50.959999,49.616425,5606600
3/20/2019,50.889999,50.889999,49.77,49.869999,48.555168,7753000
3/21/2019,49.709999,50.610001,49.700001,50.299999,48.973827,5128700
3/22/2019,50.040001,50.240002,49.52,49.759998,48.448063,5896200
3/25/2019,49.599998,50.040001,48.970001,49.029999,47.737312,6454000
3/26/2019,49.360001,49.630001,48.68,49.09,47.795731,5321500
3/27/2019,49.049999,50.529999,48.98,49.970001,48.652534,7907200
3/28/2019,50.110001,50.650002,49.900002,50.32,48.993301,6600100
3/29/2019,50.73,51.75,50.380001,51.650002,50.288235,9162100
4/1/2019,51.82,52.330002,51.52,52.18,50.80426,8501400
4/2/2019,54.529999,55.939999,53.919998,55.330002,53.871216,15920700
4/3/2019,55.959999,57.57,55.810001,57,55.497181,13277600
4/4/2019,57.459999,57.669998,56.369999,57.220001,55.711388,8998000
4/5/2019,57.439999,58.200001,57.330002,57.73,56.207935,6918300
4/8/2019,57.5,57.900002,56.91,57.709999,56.188465,7921600
4/9/2019,57.200001,57.439999,56.779999,56.950001,55.448502,9581600
4/10/2019,58.970001,58.970001,56.77,57.860001,56.334511,14398200
4/11/2019,57.950001,58.84,57.82,58.389999,56.850533,8452400
4/12/2019,58.830002,58.84,57.549999,58.049999,56.519497,7693900
4/15/2019,58,58.490002,57.369999,57.450001,55.935318,5327000
4/16/2019,57.66,58.119999,57.650002,58.110001,56.577919,3970200
4/17/2019,58.849998,58.990002,58.09,58.43,56.889481,4987600
4/18/2019,58.5,58.580002,58.02,58.169998,56.636333,4108100
4/22/2019,57.790001,57.970001,57.279999,57.75,56.227409,4043900
4/23/2019,57.66,58.41,57.66,58.240002,56.704491,4593000
4/24/2019,58.240002,58.529999,57.799999,57.849998,56.324768,3275200
4/25/2019,57.84,58.48,56.380001,56.709999,55.214828,5557400
4/26/2019,56.560001,57.470001,56.48,57.110001,55.604282,3714100
4/29/2019,57.240002,57.900002,57.049999,57.73,56.207935,3215500
4/30/2019,57.82,58.57,57.759998,58.290001,56.753174,4030300
5/1/2019,58.200001,58.509998,57.110001,57.18,56.008739,5629800
5/2/2019,57.32,58.080002,57.25,57.66,56.478905,3426100
5/3/2019,57.73,58.139999,57.52,57.799999,56.616035,4673000
5/6/2019,56.98,57.970001,56.740002,57.73,56.547474,4105400
5/7/2019,57.25,57.5,56.330002,57.169998,55.99894,4784800
5/8/2019,56.77,57.080002,56.18,56.450001,55.29369,3641400
5/9/2019,56.139999,56.73,55.689999,56.59,55.43082,5003500
5/10/2019,56.25,56.869999,55.060001,56.619999,55.460209,3737800
5/13/2019,55.439999,55.52,54.07,54.799999,53.67749,5223700
5/14/2019,54.900002,55.630001,54.75,55.25,54.118271,2463400
5/15/2019,54.580002,55.369999,54.09,55.049999,53.922367,2998900
5/16/2019,55.139999,55.959999,55.139999,55.380001,54.245609,2731400
5/17/2019,54.759998,55.540001,54.490002,54.889999,53.765648,3969900
5/20/2019,54,54.669998,53.75,54.279999,53.16814,3722800
5/21/2019,54.68,55.029999,54.59,54.830002,53.706879,2816800
5/22/2019,54.490002,54.84,53.889999,54.060001,52.952648,3616700
5/23/2019,53.650002,54.950001,53.240002,54,52.893879,5278900
5/24/2019,54.419998,54.619999,53.709999,54.119999,53.011417,2502800
5/28/2019,54.139999,54.630001,53.869999,53.880001,52.776337,3454100
5/29/2019,53.75,53.75,52.810001,53.209999,52.120056,3929600
5/30/2019,53.380001,53.799999,52.869999,53.029999,51.943745,3775200
5/31/2019,52.470001,52.799999,51.310001,51.5,50.445087,5615100
6/3/2019,51.48,52.700001,51.41,52.099998,51.032795,7244600
6/4/2019,52.849998,54.369999,52.82,54.310001,53.197529,7619300
6/5/2019,54.849998,55.23,54.240002,54.939999,53.814621,6379100
6/6/2019,55.060001,55.220001,54.360001,54.689999,53.56974,6192000
6/7/2019,54.919998,55.849998,54.919998,55.07,53.941963,4234800
6/10/2019,55.5,55.900002,54.650002,54.73,53.608925,3312900
6/11/2019,55.02,55.310001,54.48,54.880001,53.755852,2833700
6/12/2019,55.049999,55.48,54.900002,55.450001,54.314175,3856200
6/13/2019,55.689999,57.240002,55.669998,56.52,55.362259,6300400
6/14/2019,56.57,56.630001,55.779999,55.990002,54.843117,4382500
6/17/2019,55.779999,55.939999,55.259998,55.669998,54.529667,4057300
6/18/2019,55.950001,56.52,55.459999,56.029999,54.882294,3642500
6/19/2019,56.279999,56.560001,55.950001,56.360001,55.205536,3196800
6/20/2019,56.849998,56.880001,55.330002,55.970001,54.823524,5055700
6/21/2019,56,56.860001,55.560001,55.990002,54.843117,8573500
6/24/2019,56.099998,56.23,55.669998,56.07,54.921478,2896000
6/25/2019,56.049999,56.720001,55.860001,55.919998,54.774548,3579600
6/26/2019,56.07,56.810001,55.84,56.380001,55.225124,4437700
6/27/2019,56.75,57.419998,56.5,56.82,55.656113,4375400
6/28/2019,56.889999,57.419998,56.700001,56.75,55.587543,8034800
7/1/2019,57.299999,57.900002,57.25,57.790001,56.606243,5009000
7/2/2019,58.599998,59.220001,58.09,58.540001,57.340881,6837100
7/3/2019,59,59.619999,58.889999,59.150002,57.938385,3303900
7/5/2019,59.150002,59.389999,57.849998,58.700001,57.497601,5896900
7/8/2019,58.900002,59.669998,58.84,59.369999,58.153877,7800600
7/9/2019,59.57,59.990002,58.560001,58.959999,57.752277,7870200
7/10/2019,59.34,59.669998,58.759998,59.470001,58.251831,7781300
7/11/2019,60.25,60.790001,59.470001,60.16,58.927696,12695600
7/12/2019,60.23,62.240002,60.02,61.650002,60.38718,10045700
7/15/2019,61.57,62.41,61.310001,61.700001,60.436153,5889000
7/16/2019,61.880001,63.259998,61.720001,63.16,61.866245,10319700
7/17/2019,63.23,63.27,62.189999,62.25,60.974884,7532000
7/18/2019,61.77,62.66,61.639999,62.66,61.376484,4482200
7/19/2019,62.860001,63.09,60.860001,60.91,59.662331,7902700
7/22/2019,61.450001,61.630001,61.060001,61.290001,60.034554,4786300
7/23/2019,61.450001,63.110001,61.27,63.09,61.79768,7452200
7/24/2019,62.389999,63.439999,62.380001,63.16,62.263969,5718800
7/25/2019,62.77,63.130001,61.84,62.23,61.347164,5351700
7/26/2019,62.25,62.66,61.91,62.16,61.278156,3857900
7/29/2019,61.98,62.720001,61.849998,62.459999,61.573898,4972200
7/30/2019,62.310001,62.68,62.09,62.630001,61.741489,2910000
7/31/2019,62.5,62.529999,60.68,61.040001,60.174046,7229600
8/1/2019,61.310001,61.77,59.77,60.32,59.46426,5838000
8/2/2019,59.900002,60.529999,59.48,60.130001,59.276955,3739500
8/5/2019,59.369999,59.389999,57.029999,57.82,56.999729,8855700
8/6/2019,58.490002,58.900002,58.09,58.790001,57.955963,4704500
8/7/2019,58.02,59.549999,57.43,59.240002,58.399586,7648800
8/8/2019,59.93,60.450001,59.400002,60.029999,59.178371,5414000
8/9/2019,59.689999,60.16,59.07,59.529999,58.685467,5606400
8/12/2019,59.07,59.299999,58.27,58.66,57.827808,4788300
8/13/2019,58.200001,59.919998,58.169998,58.84,58.005257,6156200
8/14/2019,57.919998,58.060001,56.700001,57.23,56.418095,7662800
8/15/2019,57.470001,57.700001,56.779999,57.110001,56.299801,4360400
8/16/2019,57.43,58.360001,57.220001,58.040001,57.216606,4226100
8/19/2019,58.68,59,58.139999,58.189999,57.364475,3503500
8/20/2019,58.02,58.169998,57.59,57.68,56.861713,2513700
8/21/2019,58.25,58.57,57.849998,58.009998,57.187027,3014900
8/22/2019,58.130001,58.279999,57.470001,57.959999,57.137741,3436400
8/23/2019,57.82,58.07,55.84,56.200001,55.40271,5921400
8/26/2019,56.759998,56.869999,55.950001,56.279999,55.481575,3414500
8/27/2019,56.630001,56.68,55.57,56.139999,55.343559,7702800
8/28/2019,55.84,57.169998,55.799999,56.68,55.875896,5264100
8/29/2019,57.119999,58.130001,57.060001,57.880001,57.058876,4101400
8/30/2019,58.150002,58.860001,57.59,57.860001,57.039158,4268300
9/3/2019,57.439999,57.91,56.650002,57.290001,56.477245,6601700
9/4/2019,57.619999,58.040001,56.740002,57.23,56.418095,4939600
9/5/2019,57.66,58.939999,57.549999,58.189999,57.364475,4461600
9/6/2019,58.700001,58.959999,57.889999,57.98,57.157455,5741100
9/9/2019,57.98,58.450001,57.560001,58.110001,57.285614,5740500
9/10/2019,58.080002,58.720001,57.799999,58.639999,57.80809,4409600
9/11/2019,58.619999,59.18,58.139999,58.779999,57.946106,4163700
9/12/2019,58.779999,59.889999,58.779999,59.439999,58.596745,5188700
9/13/2019,60,60.580002,59.610001,60.009998,59.158657,7548400
9/16/2019,58.029999,59.130001,57.25,59.07,58.231991,9556400
9/17/2019,58.310001,59.77,58.16,59.369999,58.527737,8176700
9/18/2019,59.450001,59.5,58.669998,59.310001,58.46859,4075600
9/19/2019,59.25,59.25,58.310001,58.689999,57.857384,3569900
9/20/2019,58.799999,59.18,58.490002,58.630001,57.798237,6139400
9/23/2019,58.310001,58.66,57.84,58.02,57.196888,4387100
9/24/2019,58.619999,58.91,57.560001,58,57.177174,5047700
9/25/2019,58.040001,58.490002,57.68,58.310001,57.482777,3193100
9/26/2019,58.110001,58.810001,57.93,58.779999,57.946106,3795400
9/27/2019,58.970001,59.380001,58.16,58.279999,57.453197,4395800
9/30/2019,58.509998,58.689999,57.52,57.599998,56.782845,5208200
10/1/2019,58.049999,58.68,56.650002,57.009998,56.201214,7102200
10/2/2019,55.740002,55.75,52.869999,54.349998,53.578953,13770400
10/3/2019,53.119999,53.860001,51.810001,52.830002,52.080521,14346800
10/4/2019,52.849998,53.959999,52.68,53.810001,53.046616,6620900
10/7/2019,53.75,54.110001,53.240002,53.360001,52.602997,8659800
10/8/2019,53.02,54.099998,52.889999,53.200001,52.445271,8039400
10/9/2019,54.009998,54.400002,53.59,53.919998,53.155052,7615300
10/10/2019,51.950001,53.259998,51.07,53.099998,52.346687,22703500
10/11/2019,53.5,53.77,52.639999,52.950001,52.198818,10935000
10/14/2019,52.049999,53.200001,51.970001,52.990002,52.238251,6631900
10/15/2019,53.209999,53.990002,53.009998,53.639999,52.879025,8413300
10/16/2019,53.75,54.130001,53.07,53.169998,52.415695,5532800
10/17/2019,53.52,53.759998,53.25,53.369999,52.612858,4402000
10/18/2019,53.189999,53.990002,53.18,53.830002,53.066334,6966400
10/21/2019,54.189999,54.98,54.099998,54.580002,53.805695,6699600
10/22/2019,54.689999,54.959999,54.060001,54.650002,53.874702,5646900
10/23/2019,54.049999,54.240002,53.599998,53.810001,53.440701,4876100
10/24/2019,54.299999,54.66,53.48,53.790001,53.420837,4825300
10/25/2019,53.610001,54.740002,53.599998,54.599998,54.225277,4412800
10/28/2019,54.720001,55.330002,54.720001,55.169998,54.791363,3966400
10/29/2019,55.139999,55.869999,55.110001,55.380001,54.999924,4480100
10/30/2019,55.360001,55.41,54.810001,55.32,54.940334,3814100
10/31/2019,55.02,55.200001,54.41,55.080002,54.701984,7024000
11/1/2019,55.549999,56.07,55.23,56.02,55.635532,5389600
11/4/2019,56.75,56.970001,56.419998,56.880001,56.489632,6164400
11/5/2019,57.279999,58.139999,57.049999,57.509998,57.115303,6915300
11/6/2019,57.5,57.599998,57.040001,57.580002,57.184826,5120300
11/7/2019,57.919998,58.43,57.580002,57.66,57.264275,7754400
11/8/2019,57.48,57.66,57.029999,57.580002,57.184826,4821000
11/11/2019,57.259998,57.52,57.09,57.209999,56.817364,3811600
11/12/2019,57.59,57.689999,57.040001,57.220001,56.827297,4424700
11/13/2019,56.740002,56.880001,56.299999,56.5,56.112236,4110600
11/14/2019,56.27,56.75,56.07,56.549999,56.161892,3763900
11/15/2019,56.889999,57.23,56.82,56.849998,56.459835,4350100
11/18/2019,56.779999,57.09,56.490002,57.080002,56.688259,3788400
11/19/2019,57.349998,57.490002,56.700001,57.07,56.678326,4704900
11/20/2019,56.799999,56.849998,55.279999,55.669998,55.287933,7383600
11/21/2019,55.740002,55.990002,55.259998,55.310001,54.930405,5021300
11/22/2019,55.57,56.130001,55.119999,56.110001,55.724915,9648200
11/25/2019,56.389999,56.689999,55.689999,56.349998,55.963264,6822400
11/26/2019,56.32,57.48,56.25,57.459999,57.065647,4888100
11/27/2019,57.529999,57.580002,56.68,57.07,56.678326,4062500
11/29/2019,57.150002,57.849998,57.009998,57.310001,56.916679,2653600
12/2/2019,57.25,57.650002,56.720001,56.75,56.360523,5628200
12/3/2019,55.889999,56,54.540001,55.619999,55.238277,6871700
12/4/2019,55.950001,56.57,55.759998,56.060001,55.675259,4760100
12/5/2019,56.389999,56.41,55.700001,55.880001,55.496494,3899900
12/6/2019,56.439999,56.599998,56.119999,56.139999,55.754707,4568200
12/9/2019,55.990002,56.150002,55.650002,55.799999,55.417042,4057000
12/10/2019,55.799999,56.369999,55.43,55.529999,55.148891,4871900
12/11/2019,55.400002,55.52,54.950001,55.080002,54.701984,5544300
12/12/2019,55.91,57.490002,55.610001,56.689999,56.30093,8868000
12/13/2019,56.790001,57.290001,56.43,56.73,56.34066,4440400
12/16/2019,57.169998,58.490002,57.150002,58.419998,58.019058,7460700
12/17/2019,58.419998,59.299999,58.330002,58.689999,58.287205,6663200
12/18/2019,59.490002,59.639999,58.450001,58.580002,58.177963,5026900
12/19/2019,58.619999,59.240002,58.419998,59.139999,58.734119,4455700
12/20/2019,59.549999,59.580002,58.919998,58.970001,58.565289,6025700
12/23/2019,59.169998,59.919998,59.029999,59.439999,59.032059,3648100
12/24/2019,59.66,59.720001,59.16,59.389999,58.982403,1076000
12/26/2019,59.48,59.720001,59.259998,59.560001,59.151237,2464400
12/27/2019,59.630001,59.650002,58.790001,59.080002,58.674534,3538600
12/30/2019,59.25,59.299999,58.240002,58.66,58.257412,3779300
